atc,route,ddd,bnf,vmps
S01AA14,Ocular,none,none,5
L04AA50,Route of administration not applicable,none,none,1
N03AX26,Oral,none,none,1
B01AF01,Oral,full,partial,5
M09AX10,Oral,none,none,1
L01EA01,Oral,none,partial,5
L04AA38,Route of administration not applicable,none,none,1
L01EM03,Route of administration not applicable,none,none,1
A02BX02,Oral,partial,partial,5
S01XA23,Cutaneous,none,none,1
L01EX12,Oral,none,none,3
L01EX12,Gastroenteral,none,none,1
N03AX22,Oral,partial,partial,11
N03AX11,Oral,full,partial,47
J04AK01,Oral,partial,partial,68
D08AG03,Cutaneous,none,none,3
N02AA01,Oral,partial,partial,51
D07XA01,Cutaneous,none,partial,4
V03AB08,Route of administration not applicable,none,none,1
V08BA01,Oral,none,none,6
V03AF03,Oromucosal,none,none,1
S01XA24,Ocular,none,none,1
A16AX09,Oral,none,none,1
A16AX09,Gastroenteral,none,none,1
R02AD01,Gingival,none,none,1
R02AD01,Oromucosal,none,partial,4
A11CC05,Oral,partial,partial,74
C01CA24,Cutaneous,none,none,2
S01AA21,Ocular,none,none,1
V08BA01,Rectal,none,none,4
D08AJ04,Cutaneous,none,partial,4
G01AD02,Cutaneous,none,none,2
S01EA01,Ocular,none,none,3
S01AA28,Ocular,none,none,4
J07BX01,Route of administration not applicable,none,none,1
S01GA05,Ocular,none,none,1
G01AD02,Endocervical,none,none,6
S01FA01,Ocular,none,partial,8
A11CC01,Oral,none,partial,33
L01XD04,Oral,none,none,1
N02AX02,Oral,full,partial,19
A12CA01,Oral,partial,partial,49
D01AE12,Cutaneous,none,partial,13
V03AN02,Inhalation,none,none,3
N01AX13,Inhalation,none,full,5
V03AN01,Inhalation,none,none,14
N03AX12,Oral,full,partial,28
C09AA05,Oral,full,partial,20
C07AA05,Oral,full,partial,48
C10AA03,Oral,full,partial,11
N07BC02,Oral,full,partial,54
B01AC07,Oral,full,partial,27
V08CA08,Intravenous,none,none,1
J01FA02,Oral,none,none,1
B05XB01,Route of administration not applicable,none,none,1
D10AX03,Cutaneous,none,full,2
C01CA24,Route of administration not applicable,none,none,1
S01AA02,Ocular,none,none,1
N01AX63,Inhalation,none,full,9
N01BC01,Route of administration not applicable,none,none,2
J05AF09,Oral,full,full,2
R03BC01,Route of administration not applicable,none,full,1
N03AB02,Oral,full,partial,20
R02AD02,Cutaneous,none,partial,2
D01AE54,Cutaneous,none,partial,2
V08AB04,Rectal,none,none,3
V08AB04,Oral,none,none,3
D01AE15,Cutaneous,none,full,4
N01AB01,Inhalation,none,none,1
G03FB05,Route of administration not applicable,none,partial,5
R01AA04,Nasal,full,none,2
D07AB02,Cutaneous,none,full,4
D03AX01,Cutaneous,none,none,5
M01AE51,Cutaneous,none,full,1
M01AE51,Transdermal,none,full,1
P03AX03,Cutaneous,none,partial,3
R01AA07,Nasal,full,full,3
N01BX04,Cutaneous,none,full,2
D09AB01,Cutaneous,none,none,2
D09AB02,Cutaneous,none,none,6
S01AA01,Ocular,none,full,3
S01EE01,Ocular,none,full,1
S01AA13,Ocular,none,full,1
S01XA20,Ocular,none,partial,23
S01ED05,Ocular,none,full,2
S01ED02,Ocular,full,full,3
S01EA05,Ocular,full,full,1
S01ED03,Ocular,full,full,2
S01EC04,Ocular,full,full,1
S01GX01,Ocular,none,partial,2
S01GX05,Ocular,none,full,1
S01GX04,Ocular,none,full,1
S01FA04,Ocular,none,full,4
S01XA08,Ocular,none,partial,7
S01AD03,Ocular,none,full,1
S01ED01,Ocular,partial,partial,9
S01CA01,Ocular,none,full,2
J01EA01,Oral,full,partial,11
D07AA02,Cutaneous,none,partial,10
D06AX01,Cutaneous,none,partial,3
V06DC02,Route of administration not applicable,none,none,1
D07AC01,Cutaneous,none,full,10
R06AE07,Oral,full,partial,3
D01AC01,Cutaneous,none,full,4
J04AB02,Oral,full,partial,17
S01GA53,Ocular,none,full,1
D07AC15,Cutaneous,none,none,2
D07AB01,Cutaneous,none,full,2
D07AD01,Cutaneous,none,full,5
M02AA05,Cutaneous,none,full,1
C05AX02,Rectal,none,partial,8
C05AX02,Cutaneous,none,partial,6
J01CA04,Oral,full,partial,10
D10AX01,Cutaneous,none,full,1
D10AD03,Cutaneous,none,full,2
D01AE20,Cutaneous,none,partial,11
D07AC17,Cutaneous,none,full,2
M02AA08,Transdermal,none,full,2
D07AC13,Cutaneous,none,full,3
D06BB06,Cutaneous,none,full,1
D07CB01,Cutaneous,none,partial,3
C05AX03,Cutaneous,none,partial,7
S02CA04,Auricular,none,partial,2
M02AA13,Transdermal,none,full,5
N05AC01,Oral,full,partial,5
S02CA03,Auricular,none,partial,3
D11AC01,Cutaneous,none,full,1
D11AC30,Cutaneous,none,partial,6
N06AA02,Oral,full,partial,15
N05AD01,Oral,full,partial,29
D08AE04,Cutaneous,none,partial,2
D10AD01,Cutaneous,none,none,6
L01BC02,Cutaneous,none,partial,2
D08AG02,Cutaneous,none,partial,9
D10AD04,Cutaneous,none,full,1
D10AE51,Cutaneous,none,partial,4
D10AE01,Cutaneous,none,partial,9
D05AX04,Cutaneous,none,full,2
M02AA07,Cutaneous,none,full,1
P03AX01,Cutaneous,none,full,1
R01AC01,Nasal,full,partial,2
A06AC53,Oral,none,partial,3
A06AC03,Oral,full,full,2
D08AX08,Route of administration not applicable,none,none,1
D07AC06,Cutaneous,none,full,5
G01AF55,Cutaneous,none,none,1
D01AC03,Cutaneous,full,full,1
D01AC03,Vaginal,full,full,1
S01GX08,Ocular,none,partial,2
D05AX03,Cutaneous,none,full,1
S01EE04,Ocular,full,full,1
D07BA04,Cutaneous,none,partial,4
G01AF02,Cutaneous,full,full,1
D10AF01,Cutaneous,none,full,3
G03FA10,Route of administration not applicable,none,full,2
R01AA03,Nasal,full,partial,4
D07BB04,Cutaneous,none,none,2
M02AA10,Transdermal,none,partial,2
D01AC08,Cutaneous,none,full,2
D10AF52,Cutaneous,none,full,3
D10AF02,Cutaneous,none,partial,3
D07AC03,Cutaneous,none,none,1
M01AG01,Oral,full,partial,5
R03AC03,Inhalation,full,partial,5
D06BX01,Cutaneous,none,partial,5
C05AE01,Transdermal,none,partial,4
N02BE01,Oral,full,partial,31
D07AB10,Cutaneous,none,partial,2
N02AA05,Oral,full,partial,18
D02AE51,Cutaneous,none,full,2
R01AX06,Nasal,none,full,1
D06AX09,Cutaneous,none,full,2
D06BB03,Cutaneous,none,full,1
D06BX01,Vaginal,none,full,1
A03FA01,Oral,full,partial,6
D05AX02,Cutaneous,none,partial,3
D02AE01,Cutaneous,none,partial,5
D11AH02,Cutaneous,none,full,1
A01AB03,Oromucosal,full,full,3
G03AB06,Route of administration not applicable,none,full,1
G03AA07,Route of administration not applicable,none,full,1
C05BA51,Rectal,none,full,2
D07CA01,Cutaneous,none,partial,5
S03BA02,Auricular,none,full,1
S03BA02,Ocular,none,full,1
S01BA07,Ocular,none,full,1
S01BA04,Ocular,none,partial,15
C05BA01,Cutaneous,none,partial,3
D07AC08,Cutaneous,none,full,2
A12BA02,Oral,full,partial,6
P03AC03,Cutaneous,none,none,3
G01AE10,Route of administration not applicable,none,none,1
G03CA04,Route of administration not applicable,full,full,1
G03FB09,Route of administration not applicable,none,partial,3
G03AB04,Route of administration not applicable,none,none,1
G03CA53,Route of administration not applicable,none,partial,7
G03FB06,Route of administration not applicable,none,partial,2
N02BE51,Route of administration not applicable,none,full,2
G01AF02,Route of administration not applicable,none,full,2
G03FA01,Route of administration not applicable,none,none,1
D11AH01,Cutaneous,none,full,2
P03AC04,Cutaneous,none,full,2
D08AC02,Cutaneous,none,partial,10
N06DA04,Oral,full,full,7
D01AC02,Cutaneous,none,full,3
G01AF04,Route of administration not applicable,none,full,1
L04AD01,Oral,full,full,5
D06AA04,Cutaneous,none,none,1
S01GX07,Ocular,none,full,1
M02AA15,Cutaneous,none,partial,3
D05AC01,Cutaneous,none,full,6
S01AE01,Ocular,none,full,1
S01AA07,Ocular,none,none,2
S01AE03,Ocular,none,partial,3
S01BC05,Ocular,none,full,1
S02AA10,Auricular,none,partial,2
D05AX05,Cutaneous,none,full,2
D01AC09,Cutaneous,none,none,1
D06BB01,Cutaneous,none,none,1
D07AC05,Cutaneous,none,full,2
A06AC01,Oral,full,partial,9
S01GX02,Ocular,none,full,1
D11AC06,Cutaneous,none,none,1
D01AE16,Cutaneous,none,partial,2
D10AX04,Cutaneous,none,partial,2
S01BA06,Ocular,none,full,1
C05AD04,Cutaneous,none,full,1
S02AA01,Auricular,none,full,2
D07XC02,Cutaneous,none,none,1
S01AA30,Ocular,none,partial,4
D04AA02,Cutaneous,none,full,1
D06BB04,Cutaneous,none,full,3
S01BA02,Ocular,none,none,4
D05AC51,Cutaneous,none,partial,3
C05AX04,Cutaneous,none,partial,6
D08AX01,Cutaneous,none,partial,5
R01AC02,Nasal,full,none,1
N04BC04,Route of administration not applicable,none,full,2
S01AX15,Ocular,none,full,1
G04CA03,Route of administration not applicable,none,full,2
S01FA06,Ocular,none,full,4
P01AB51,Route of administration not applicable,none,none,1
D08AC52,Cutaneous,none,partial,13
P01BB51,Route of administration not applicable,none,full,1
S01EB02,Ocular,full,none,1
N06AX06,Route of administration not applicable,none,none,1
D08AE05,Cutaneous,none,none,1
A04AD04,Buccal,none,full,1
S01AD09,Ocular,none,full,1
S03CA04,Auricular,none,none,1
S03CA04,Ocular,none,none,1
D07AD02,Cutaneous,none,none,1
S01FA05,Ocular,none,partial,4
S02CA03,Ocular,none,none,1
R01AC51,Nasal,none,full,1
D08AC01,Cutaneous,none,none,1
A06AA01,Oral,full,partial,2
D10AX30,Cutaneous,none,none,1
C05AX03,Rectal,none,partial,10
A04AA02,Oral,full,partial,3
S01GA01,Ocular,none,none,1
S01AA03,Ocular,none,partial,3
S01CA05,Ocular,none,none,1
C02CA01,Route of administration not applicable,none,full,1
A07BC02,Oral,none,partial,2
N05AH04,Route of administration not applicable,partial,partial,2
D08AE03,Cutaneous,none,none,2
A12CD01,Oral,partial,partial,7
D01AE18,Cutaneous,none,none,5
D08AG03,Oral,none,full,1
G02CB04,Route of administration not applicable,none,full,1
N03AA02,Oral,full,partial,135
D08AX01,Oromucosal,none,full,1
D08AX07,Route of administration not applicable,none,none,1
G01AD02,Route of administration not applicable,none,none,4
V06DC01,Oral,none,partial,4
D04AB04,Cutaneous,none,full,2
P01CX01,Inhalation,partial,full,2
D03AX06,Cutaneous,none,none,1
J05AE04,Oral,full,partial,2
J05AF04,Oral,full,full,5
R01AC04,Cutaneous,none,full,1
D04AA32,Cutaneous,none,partial,2
N06AA04,Oral,full,partial,15
A02BX51,Oral,none,none,2
M01AE02,Oral,full,partial,18
N03AX12,Route of administration not applicable,none,full,1
D08AJ01,Cutaneous,none,none,1
A01AB03,Cutaneous,none,none,1
S01BC03,Ocular,none,full,2
L01XD03,Cutaneous,none,full,1
D11AX01,Cutaneous,partial,partial,4
S01EX01,Ocular,none,none,2
A07BA01,Oral,full,none,7
D01AC10,Cutaneous,none,full,1
J05AG03,Oral,full,full,5
R03AC02,Inhalation,full,partial,18
S01FB01,Ocular,none,full,3
B03BA01,Oral,full,partial,5
R01AA05,Nasal,full,full,1
D01AE05,Cutaneous,none,none,1
A03BA04,Route of administration not applicable,full,none,1
D08AG03,Route of administration not applicable,none,none,2
A02AA01,Oral,none,partial,2
N02AA51,Oral,none,none,1
N05CM11,Oral,none,none,1
D08AX06,Cutaneous,none,full,2
R05CA02,Oral,none,none,1
B05CB01,Cutaneous,none,full,1
A07DA03,Route of administration not applicable,none,full,1
D10AF51,Cutaneous,none,full,2
S01GX10,Ocular,none,full,1
N03AF02,Oral,full,partial,5
G01AF20,Route of administration not applicable,none,none,1
D11AX11,Cutaneous,none,none,3
C09AA01,Oral,partial,partial,79
P01CX03,Cutaneous,none,full,1
D01AC52,Cutaneous,none,partial,3
A01AA51,Dental,none,none,1
D04AB04,Dental,none,none,1
A09AA04,Oral,none,none,2
C05AX03,Route of administration not applicable,none,full,1
N03AX14,Oral,full,partial,14
S01EC01,Oral,full,partial,55
M04AA01,Oral,full,partial,22
C03DB01,Oral,full,partial,31
C01BD01,Oral,full,partial,49
N05AL05,Oral,full,partial,12
N06AA09,Oral,full,partial,21
A05BA01,Oral,none,none,11
C08CA01,Oral,full,partial,20
B01AC06,Oral,partial,partial,28
A11GA01,Oral,full,partial,32
N02BA01,Oral,full,partial,11
A03BA01,Oral,full,partial,16
L04AX01,Oral,full,partial,66
M03BX01,Oral,full,partial,10
C03AA01,Oral,full,partial,10
N07CA01,Oral,full,partial,8
R02AD01,Oral,none,none,4
A16AA06,Oral,full,partial,3
A06AB02,Oral,full,partial,3
C07AB07,Oral,full,partial,22
G02CB01,Oral,full,partial,6
N05BE01,Oral,full,partial,5
A12AA04,Oral,full,partial,30
A02AC01,Oral,none,partial,5
A12AA03,Oral,full,partial,12
N03AF01,Oral,full,partial,21
H03BB01,Oral,full,partial,24
C07AG02,Oral,full,partial,7
N05CC01,Oral,partial,partial,21
N05BA02,Oral,full,partial,11
C03AA04,Oral,full,none,76
N05AA01,Oral,full,partial,18
C03BA04,Oral,full,partial,3
N05BA09,Oral,full,partial,58
J01FF01,Oral,full,partial,16
N03AE01,Oral,full,partial,88
N02CX02,Oral,full,partial,35
B01AC04,Oral,full,partial,15
R05DA04,Oral,full,partial,17
H02AB10,Oral,full,none,5
R06AE03,Oral,full,partial,19
L01AA01,Oral,none,partial,9
R06AX02,Oral,full,partial,5
G03HA01,Oral,full,partial,10
M03CA01,Oral,full,partial,44
J04BA02,Oral,full,partial,8
H01BA02,Oral,full,partial,17
H02AB02,Oral,full,partial,50
V03AH01,Oral,none,partial,16
M01AB05,Oral,full,partial,28
N02AA08,Oral,full,partial,12
C08DB01,Oral,full,partial,21
C01BA03,Oral,full,partial,16
N06AA16,Oral,full,partial,15
C02CA04,Oral,full,partial,28
J01AA02,Oral,full,partial,9
C09AA02,Oral,full,partial,48
N06AA12,Oral,full,partial,6
N04BX02,Oral,full,partial,4
R03CA02,Oral,full,partial,6
J04AK02,Oral,full,partial,24
G04BD02,Oral,full,partial,6
C01BC04,Oral,full,partial,55
H02AA02,Oral,full,partial,27
N06AB08,Oral,full,partial,3
N06AB03,Oral,full,partial,14
N05AF01,Oral,full,partial,6
B03BB01,Oral,full,partial,43
C03CA01,Oral,full,partial,61
J01GB03,Oral,partial,none,2
A10BB01,Oral,full,partial,14
A10BB09,Oral,full,partial,14
A03AB02,Oral,full,none,48
D01BA01,Oral,full,partial,68
C03AA03,Oral,full,none,26
C02DB02,Oral,full,partial,38
H02AB09,Oral,full,partial,46
B03BA03,Oral,none,none,5
P01BA02,Oral,full,partial,34
N05BB01,Oral,full,partial,10
A03BB01,Oral,full,partial,10
N05CM05,Oral,full,partial,18
M01AB01,Oral,full,partial,24
C09CA04,Oral,full,partial,10
J04AC01,Oral,partial,partial,41
C01DA08,Oral,full,partial,18
C01DA14,Oral,full,partial,21
N01AX03,Oral,none,none,11
J02AB02,Oral,full,partial,3
C07AG01,Oral,full,partial,20
N03AX09,Oral,full,partial,28
N04BA01,Oral,full,none,5
N05AA02,Oral,partial,partial,26
C09AA03,Oral,full,partial,26
A07DA03,Oral,partial,partial,15
N05BA06,Oral,full,partial,24
N05CD06,Oral,full,partial,6
A02AA02,Oral,none,none,11
L02AB02,Oral,full,partial,16
L02AB01,Oral,full,partial,9
N05CH01,Oral,full,partial,54
B02BA02,Oral,full,partial,10
L01BB02,Oral,none,partial,12
A10BA02,Oral,full,partial,22
L04AX03,Oral,full,partial,43
N05AN01,Oral,none,partial,9
A06AC06,Oral,full,partial,33
C02AB01,Oral,full,partial,11
C07AB02,Oral,full,partial,30
N07BB04,Oral,full,partial,17
C08CA05,Oral,full,partial,25
N05CD02,Oral,full,partial,9
A02BC01,Oral,full,partial,49
G04BD04,Oral,full,partial,15
C04AX02,Oral,full,partial,7
C02CA01,Oral,full,partial,12
N05AA03,Oral,full,partial,12
H02AB06,Oral,full,partial,32
A03AB05,Oral,full,partial,11
J05AE07,Oral,full,full,2
H03BA02,Oral,full,partial,14
N07AA02,Oral,full,partial,32
A11HA02,Oral,full,partial,44
P01BC01,Oral,full,partial,39
A11HA04,Oral,none,none,10
N06AB06,Oral,full,partial,16
C10AA01,Oral,full,partial,14
C07AA07,Oral,full,partial,19
A16AX03,Oral,full,partial,14
C03DA01,Oral,full,partial,65
N07XX06,Oral,full,partial,11
L04AD02,Oral,full,partial,24
R03DA04,Oral,full,partial,24
A11DA01,Oral,full,partial,17
M03BX02,Oral,full,partial,10
A10BB03,Oral,full,partial,4
B02AA02,Oral,full,partial,16
N06AX16,Oral,full,partial,21
B01AA03,Oral,full,partial,26
N04AA01,Oral,full,partial,13
N05CF01,Oral,full,partial,8
N05BA01,Oral,full,partial,15
C03EA01,Oral,none,partial,6
C05AE03,Transdermal,none,none,7
M02AX03,Cutaneous,none,none,1
M02AX03,Transdermal,none,none,1
N03AA03,Oral,full,partial,10
A07AA09,Oral,full,partial,8
R05CB01,Route of administration not applicable,full,none,1
A06AB02,Rectal,full,partial,6
B02AA02,Oromucosal,full,none,1
D04AB06,Route of administration not applicable,none,none,1
D08AX05,Cutaneous,none,none,1
S02BA03,Auricular,none,none,2
B05CB10,Ocular,none,full,1
N06AX11,Oral,full,partial,17
R02AA06,Cutaneous,none,none,1
C05AE01,Rectal,none,full,1
S01EB01,Ocular,full,partial,20
S01BA01,Ocular,none,partial,6
S01XA18,Ocular,none,partial,7
D01AA08,Cutaneous,none,full,1
N01BB20,Gingival,none,none,1
N01BB20,Dental,none,none,1
J02AC04,Oral,full,full,2
D08AX05,Route of administration not applicable,none,none,2
N07XX04,Oral,full,full,1
N04BC09,Route of administration not applicable,none,full,1
S01AE05,Ocular,none,partial,3
N06AB10,Oral,full,partial,5
A11AA01,Route of administration not applicable,none,none,1
D08AX01,Route of administration not applicable,none,none,1
N05CD08,Oral,partial,none,25
B02BA01,Oral,full,partial,10
D09AA13,Route of administration not applicable,none,none,1
N05AX12,Oral,full,partial,9
N07BA03,Route of administration not applicable,none,full,1
R05CB01,Oral,partial,none,11
L03AB07,Route of administration not applicable,none,full,1
A14AA01,Cutaneous,none,none,1
C01AA05,Oral,full,partial,10
D05BB02,Oral,full,partial,6
A11CC03,Oral,full,partial,10
R06AD01,Oral,full,partial,11
N07BC06,Oral,none,partial,37
R05DA09,Oral,full,partial,12
N06BA02,Oral,full,partial,24
J01AA01,Oral,full,partial,8
R06AE09,Oral,full,partial,2
C05AX04,Rectal,none,partial,5
C10AC01,Oral,full,partial,4
N04BA02,Oral,full,partial,21
N06AB04,Oral,full,partial,6
J01MA02,Oral,full,partial,20
N07CA02,Oral,full,partial,4
A10BB02,Oral,full,none,3
R06AB04,Oral,full,partial,4
C07AB03,Oral,full,partial,16
P01AC01,Oral,full,partial,9
C09AA09,Oral,full,partial,4
N07AA03,Oral,full,none,3
A03FA03,Oral,full,partial,9
N05AD08,Oral,none,none,4
N02AB02,Oral,full,partial,9
N06BA04,Oral,full,partial,23
N05BA04,Oral,full,partial,6
N05AD07,Oral,full,partial,3
N04AC01,Oral,full,none,3
N07AB02,Oral,full,partial,6
C10AB02,Oral,full,partial,3
N04BC01,Oral,full,partial,4
C07AA12,Oral,full,partial,14
C04AX21,Oral,full,partial,2
V03AF03,Oral,full,partial,13
J01GB05,Oral,full,none,2
N07AA01,Oral,full,partial,7
C08CA04,Oral,full,partial,6
A11CC04,Oral,full,partial,7
A11HA01,Oral,full,none,10
G03CA01,Oral,full,partial,9
B03AA03,Oral,full,partial,5
M01AE01,Oral,full,partial,23
C04AC03,Oral,full,partial,5
N06AF01,Oral,full,partial,2
H03AA01,Oral,full,partial,140
J02AC02,Oral,full,partial,4
M01AC06,Oral,full,partial,7
N05BC01,Oral,full,partial,3
A07EC02,Oral,full,partial,21
H03AA02,Oral,full,partial,18
N06AA07,Oral,full,partial,12
M03BA03,Oral,full,partial,3
C08CA06,Oral,partial,partial,3
J01XE01,Oral,full,partial,86
J01MA01,Oral,full,partial,4
A07EC03,Oral,full,partial,4
A02BA04,Oral,full,partial,4
A05AA02,Oral,full,partial,36
C08DA01,Oral,full,partial,30
N03AG04,Oral,full,partial,9
H02AB04,Oral,full,partial,5
C03BA08,Oral,full,partial,12
P01AB01,Oral,full,partial,10
C01BB02,Oral,full,none,13
N06AX03,Oral,full,partial,9
J01AA08,Oral,full,partial,7
A04AA01,Oral,full,partial,11
N06AG02,Oral,full,partial,4
N06AB05,Oral,full,partial,11
N04AB02,Oral,full,partial,4
L04AA06,Oral,full,partial,10
C07AA02,Oral,full,partial,5
M01CC01,Oral,full,partial,8
A14AA05,Oral,full,none,3
N05AH04,Oral,full,partial,33
J01AA06,Oral,full,partial,5
A02BA02,Oral,full,partial,49
N05AB03,Oral,full,partial,4
R01BA01,Oral,full,none,3
N07AX01,Oral,full,partial,6
N04BD01,Oral,full,partial,5
A16AX11,Oral,none,none,19
N05AG02,Oral,full,partial,4
A12BA04,Oral,partial,partial,4
A12BA01,Oral,full,partial,14
N04AA04,Oral,full,partial,7
P01BB01,Oral,full,partial,9
R06AD02,Oral,full,partial,7
C01BC03,Oral,full,partial,6
P01BD01,Oral,full,partial,6
L02BA01,Oral,full,partial,10
N05CD07,Oral,full,partial,6
L04AX02,Oral,partial,partial,7
N03AG01,Oral,full,partial,37
P02CA02,Oral,full,none,1
N06AX05,Oral,full,partial,22
J04AB04,Oral,full,partial,13
A07EC01,Oral,full,partial,8
N05AL01,Oral,full,partial,25
D06AX13,Cutaneous,none,full,1
A10BG03,Oral,full,partial,6
N06AA06,Oral,full,partial,11
J01EC02,Oral,full,partial,4
S01BA14,Ocular,none,full,1
G04CA01,Oral,full,partial,5
A02BC03,Oral,full,partial,35
G04BE03,Oral,full,partial,21
N02AJ06,Oral,partial,partial,17
N05AH03,Oral,full,partial,29
D01BA02,Oral,full,partial,7
R06AX26,Oral,full,partial,9
N03AX16,Oral,full,partial,27
A07EB01,Oral,full,partial,3
C10AA05,Oral,full,partial,15
N06AA10,Oral,full,partial,13
C09AA10,Oral,full,partial,5
G04BD07,Oral,full,partial,11
C09CA01,Oral,full,partial,13
D11AA01,Cutaneous,none,none,10
V03AC02,Oral,none,partial,3
N03AX18,Oral,full,partial,6
G03BA03,Cutaneous,full,partial,3
J05AF10,Oral,full,full,3
C09CA08,Oral,full,partial,5
J05AP01,Oral,full,partial,4
N05AC02,Oral,full,none,8
N01AH02,Nasal,none,none,1
N01AH02,Oromucosal,none,none,1
S02AA04,Auricular,none,none,4
N06BA07,Oral,full,partial,5
M05BA04,Oral,full,partial,8
N04BC04,Oral,full,partial,15
D01AE12,Route of administration not applicable,none,none,7
N04BD02,Oral,full,partial,3
J05AB14,Oral,partial,partial,4
N07XX02,Oral,full,partial,5
N06DA02,Oral,full,partial,8
S01EC54,Ocular,none,full,2
N05AH02,Oral,full,partial,12
S01BC10,Ocular,none,partial,2
G04BD09,Oral,full,partial,3
A12CC01,Oral,full,none,2
G03AC01,Oral,partial,partial,2
D11AA01,Route of administration not applicable,none,none,14
J05AH02,Oral,full,partial,8
C09CA03,Oral,full,partial,12
C09CA02,Oral,full,partial,5
C09CA06,Oral,full,partial,10
A02BC05,Oral,full,partial,6
C10AA07,Oral,full,partial,9
G04CB01,Oral,full,partial,3
D07AC15,Route of administration not applicable,none,none,4
N05AX08,Oral,full,partial,15
A10BB12,Oral,full,partial,7
M01AX05,Route of administration not applicable,none,none,2
S01AA11,Ocular,none,none,1
A11HA08,Oral,full,full,1
J05AE09,Oral,full,full,2
N03AX25,Route of administration not applicable,full,none,1
N07BA01,Route of administration not applicable,none,none,1
N05CC05,Rectal,none,none,2
S01EE03,Ocular,partial,partial,5
B05CA05,Inhalation,none,none,1
D10AD53,Cutaneous,none,partial,2
A05AB01,Oral,none,none,1
D08AX02,Route of administration not applicable,none,none,1
S01AD02,Ocular,none,none,1
D06BA03,Cutaneous,none,none,1
L02BB03,Oral,full,partial,4
C08CA02,Oral,full,partial,6
D01AC16,Cutaneous,none,none,1
A16AA03,Oral,none,none,2
N03AX15,Oral,full,partial,7
G04BD08,Oral,full,partial,6
B05CB02,Oral,none,none,1
D08AC05,Ocular,none,none,1
D06AX07,Route of administration not applicable,none,none,1
A07AA06,Oral,full,none,2
A02BC02,Oral,full,partial,4
N03AX21,Route of administration not applicable,none,full,1
S01BC11,Ocular,none,full,1
H01BA02,Nasal,full,partial,5
C01EB09,Oral,none,none,11
N05CD08,Buccal,full,partial,9
B05XA06,Oral,none,none,1
A11CC05,Route of administration not applicable,partial,none,3
N03AF03,Oral,full,partial,4
J05AB11,Oral,full,partial,6
S01AE06,Ocular,none,none,1
N01BB52,Oromucosal,none,partial,7
D05AC51,Route of administration not applicable,none,none,3
N06BA09,Oral,full,partial,18
G03DA04,Transdermal,none,none,1
D08AJ01,Route of administration not applicable,none,none,1
N06DA03,Oral,full,partial,6
N05AX13,Route of administration not applicable,full,none,1
J01AA07,Oral,full,partial,3
J05AE10,Oral,full,partial,7
C03BA11,Oral,full,partial,3
P01AX11,Oral,full,none,2
A10BJ03,Route of administration not applicable,none,full,1
J05AF07,Oral,full,partial,5
D10AF51,Route of administration not applicable,none,none,1
S03AA04,Ocular,none,none,1
S02DA02,Nasal,none,none,2
A02BX02,Route of administration not applicable,full,none,1
C09AA04,Oral,full,partial,18
J01GB01,Oral,none,none,1
N02AX06,Oral,partial,partial,9
N02AA01,Route of administration not applicable,none,none,3
L01XX05,Oral,none,partial,5
G04CB02,Oral,full,partial,2
G04CA02,Oral,full,partial,6
G04BE01,Cutaneous,full,full,1
N02AA03,Oral,full,partial,8
N03AX10,Oral,full,none,3
N03AG06,Oral,full,partial,4
A11HA06,Oral,none,none,2
C04AD03,Oral,full,partial,4
A01AB04,Oral,full,none,1
B05CA02,Cutaneous,none,partial,10
L03AB10,Route of administration not applicable,none,full,1
L01EX07,Route of administration not applicable,none,full,1
S01XA21,Ocular,none,none,2
A04AD12,Oral,full,none,6
G03XB51,Route of administration not applicable,none,none,1
J06BA02,Route of administration not applicable,none,none,5
J01FA10,Oral,full,partial,5
N02AA55,Oral,partial,partial,3
D11AX22,Cutaneous,none,full,1
C07AB08,Oral,full,partial,3
S01AA10,Ocular,none,none,1
S02CA06,Auricular,none,full,2
C03CA02,Oral,full,partial,4
C05AE03,Route of administration not applicable,none,none,4
P02CA03,Oral,partial,none,4
C03XA01,Route of administration not applicable,none,none,3
N03AX23,Oral,full,full,6
A06AG02,Rectal,none,none,1
S03AA08,Ocular,none,none,1
C10AB05,Oral,full,partial,6
N02CX01,Oral,full,partial,8
D05AX52,Cutaneous,none,full,2
A10BH01,Oral,full,partial,5
D07AC01,Route of administration not applicable,none,none,1
M04AC01,Oral,full,partial,4
D07AC13,Route of administration not applicable,none,none,2
J01CA08,Oral,full,partial,2
M01AX01,Oral,full,partial,4
C08CA09,Oral,full,partial,4
C09CA07,Oral,full,partial,4
H02AB13,Oral,full,partial,4
D08AE03,Route of administration not applicable,none,none,2
S01XA15,Ocular,none,none,1
S01ED51,Ocular,none,partial,7
S01EC03,Ocular,full,partial,3
D06BX01,Route of administration not applicable,none,none,1
B01AF01,Route of administration not applicable,full,none,1
J05AX09,Oral,full,partial,5
N01BB52,Gingival,none,partial,3
M01AH01,Oral,full,partial,4
N06AX21,Oral,full,partial,8
J01MA14,Oral,full,partial,2
R06AX17,Oral,full,partial,5
A02AB01,Oral,none,partial,4
N01BB02,Route of administration not applicable,none,none,1
N03AX24,Oral,none,none,3
N03AF04,Oral,full,partial,3
A03AA04,Oral,full,partial,6
C05AE01,Route of administration not applicable,none,none,1
P02CE01,Oral,full,none,3
R06AX28,Oral,full,partial,2
A01AA01,Dental,partial,partial,2
L01EA02,Oral,none,partial,7
L02BG03,Oral,full,partial,2
L01ED04,Route of administration not applicable,none,none,1
A11CA01,Oral,partial,none,4
V06DC02,Oral,none,none,1
V06DC02,Gastroenteral,none,none,1
B05XB03,Oral,none,none,2
R06AX29,Oral,full,partial,3
S02DA30,Auricular,none,none,1
L02BG04,Oral,full,partial,2
L01XA03,Intravenous,none,none,27
N03AX14,Intravenous,partial,partial,8
L01XC03,Intravenous,none,partial,26
L01CD01,Intravenous,none,partial,42
L01CD02,Intravenous,none,partial,40
L01C01,Intravenous,none,none,1
L01XA02,Intravenous,none,partial,38
N05CM18,Intravenous,none,none,6
N02BE01,Intravenous,partial,partial,6
L01AC01,Intravenous,none,none,3
B05XA05,Intravenous,none,none,3
B05XA07,Haemofiltration,none,none,1
B05XA07,Haemodialysis,none,none,1
N01AH51,Epidural,none,partial,4
B05BB01,Intravenous,none,partial,17
J01GB03,Intravenous,partial,partial,15
N05CD08,Intravenous,partial,partial,14
J01XA02,Intravenous,partial,partial,6
J01XA01,Intravenous,partial,partial,12
B05XA11,Intravenous,none,none,1
J01FF01,Intravenous,partial,partial,4
L01AA01,Intravenous,none,partial,8
L01XA01,Intravenous,none,partial,17
L01XC02,Intravenous,none,partial,8
L01BC05,Intravenous,none,partial,13
L01CA02,Route of administration not applicable,none,none,1
B05XA01,Intravenous,none,partial,6
A12BA51,Intravenous,none,none,4
L01CE02,Intravenous,none,partial,18
B05XA06,Intravenous,none,none,5
L01CA01,Intravenous,none,partial,7
L01CA02,Intravenous,none,partial,5
B05BB02,Intravenous,none,partial,20
J01CF05,Intravenous,partial,partial,6
C01CA07,Intravenous,partial,none,7
V08AB11,Intraarterial,none,none,5
V08AB11,Intravenous,none,none,5
J01CA04,Intravenous,partial,partial,4
A16AB07,Intravenous,partial,partial,20
C01EB10,Intravenous,partial,partial,15
J01DC02,Intravenous,partial,partial,6
N01BB01,Epidural,none,partial,16
J01DD04,Intravenous,partial,partial,5
J01CE01,Intravenous,partial,partial,4
J01DD02,Intravenous,partial,partial,9
N04BA02,Gastroenteral,none,full,1
M05BA08,Intravenous,full,partial,8
D08AC02,Route of administration not applicable,none,none,1
J02AC01,Intravenous,partial,partial,7
J05AP51,Oral,none,partial,3
A16AX13,Oral,none,none,1
B02BX05,Oral,partial,partial,4
M09AX03,Oral,none,full,3
A06AD65,Oral,none,partial,4
N02BE51,Oral,none,partial,47
A06AC51,Oral,none,full,1
D06BX03,Cutaneous,none,none,1
G03CA03,Transdermal,full,partial,11
A02BX01,Oromucosal,full,none,1
A06AD15,Oral,partial,partial,4
D06BB10,Cutaneous,none,full,2
C10AC02,Oral,full,partial,2
A12AA01,Oral,full,none,1
J01FA09,Oral,full,partial,10
B05CA02,Intravesical,none,partial,6
M05BX03,Oral,full,full,1
R05CA03,Oral,full,partial,10
N03AX17,Oral,full,full,4
C01DX16,Oral,full,partial,4
N03AX16,Route of administration not applicable,full,none,1
N06AX16,Route of administration not applicable,full,none,1
N05CF02,Oral,full,partial,3
C10AD02,Oral,full,partial,6
A02BC05,Gastroenteral,full,full,5
J04AA01,Oral,full,full,1
V03AE02,Oral,partial,partial,6
J01XX01,Oral,full,partial,2
A07EA06,Oral,full,partial,5
A06AD11,Oral,full,partial,2
A06AD19,Oral,none,partial,2
V03AE03,Oral,full,partial,5
A07XA04,Oral,none,full,3
V03AE06,Oral,none,none,3
A06AD12,Oral,full,none,1
B05CX03,Oral,none,none,1
A12CC05,Oral,none,none,4
J05AJ01,Oral,full,partial,5
R05CB03,Oral,full,partial,7
R07AX02,Oral,partial,partial,5
P01AB07,Oral,full,none,1
J05AE03,Oral,full,partial,4
V03AE09,Oral,full,none,2
R07AX30,Oral,none,partial,4
V03AE10,Oral,full,none,2
N02BE01,Rectal,partial,partial,13
L04AD02,Rectal,none,none,2
A06AX01,Rectal,none,full,3
M01AB01,Rectal,full,full,1
N02BA01,Rectal,full,partial,2
M01AC01,Rectal,full,none,1
N05AB04,Rectal,full,none,2
M01AE09,Rectal,full,none,1
A07EA01,Rectal,none,partial,5
A07EC01,Rectal,full,partial,2
A03FA03,Rectal,full,none,1
M01AB05,Rectal,full,full,4
M01AE03,Rectal,full,full,1
A07EC02,Rectal,full,full,6
M01AC06,Rectal,full,none,2
N05BA01,Rectal,full,partial,4
P01AB01,Rectal,full,partial,3
N03AF01,Rectal,full,full,2
A04AA01,Rectal,full,full,1
N02AD01,Rectal,none,full,1
M01AE02,Rectal,full,none,1
N02AA01,Rectal,full,partial,13
N05CC01,Rectal,full,none,4
N03AG01,Rectal,full,none,2
P01CD02,Rectal,none,none,4
N05AA01,Rectal,full,none,2
N02AB02,Rectal,full,none,1
R03DA05,Rectal,full,none,1
R06AE03,Rectal,full,none,3
R03DA04,Rectal,full,none,1
H03BA02,Rectal,none,none,1
R03AC12,Inhalation,full,partial,5
R03BA01,Inhalation,full,partial,27
J05AH01,Inhalation,full,full,1
A10AF01,Inhalation,full,none,2
N07BA01,Oromucosal,partial,partial,11
R01AD58,Nasal,none,full,1
G03BA03,Transdermal,partial,partial,9
B01AD04,Intraarterial,none,partial,6
B01AD04,Intravenous,none,partial,6
B01AD04,Line lock,none,partial,5
V04CX03,Inhalation,none,none,1
L01AA03,Intravenous,none,partial,2
A11GA01,Intravenous,none,none,3
J06AA03,Intravenous,none,none,5
V10XX04,Intravenous,none,none,1
L03AX04,Intramuscular,none,none,1
N01BB01,Perineural,none,partial,5
N01BB01,Infiltration,none,none,2
C01CA06,Intravenous,none,none,1
B06AX01,Intravenous,none,none,1
L01XX27,Intravenous,none,partial,4
C01CA09,Intravenous,partial,partial,4
N05CD14,Intravenous,none,none,1
V09IX01,Intravenous,none,none,8
V09GA02,Intravenous,none,none,1
V09AA01,Intravenous,none,none,2
L01BA04,Intravenous,none,partial,7
L01CD04,Intravenous,none,none,5
V03AB03,Intramuscular,none,none,2
V03AB03,Intravenous,none,none,4
J01GB06,Inhalation,none,none,1
B01AC21,Intravenous,none,none,4
B01AC21,Subcutaneous,none,none,4
V03AB23,Intravenous,none,none,3
V09EB01,Intravenous,none,none,1
V09GA01,Intravenous,none,none,1
J06BA01,Subcutaneous,none,partial,10
V09GA06,Intravenous,none,none,1
V09CA01,Intravenous,none,none,1
V09CA01,Oral,none,none,1
V09CA01,Inhalation,none,none,1
L01XC41,Intravenous,none,none,1
V09CA03,Intravenous,none,none,1
V09HA03,Intravenous,none,none,1
V09BA01,Intravenous,none,none,1
V10BX02,Intravenous,none,none,21
V09AB03,Intravenous,none,none,2
B02BD03,Intravenous,none,partial,4
L01XC37,Intravenous,none,none,2
V09CA02,Intravenous,none,none,1
L01XY02,Subcutaneous,none,none,2
N05BA06,Intramuscular,partial,partial,5
N05BA06,Intravenous,partial,partial,5
V08AB07,Intraarterial,none,none,29
V08AB07,Intravenous,none,none,28
L01XC39,Intravenous,none,none,1
L04AA41,Intravenous,none,none,1
L01DC03,Intravenous,none,partial,5
J05AX18,Intravenous,none,none,1
J01DI04,Intravenous,none,none,1
N01AX03,Intramuscular,none,partial,8
N01AX03,Intravenous,none,partial,8
V01AA07,Subcutaneous,none,partial,12
J07BX01,Subcutaneous,none,none,1
V04CH02,Intravenous,none,none,1
V08CA09,Intravenous,none,none,2
J01MA23,Intravenous,none,none,1
L01XC38,Intravenous,none,none,2
L01XC24,Subcutaneous,none,none,1
A12CE02,Intravenous,none,none,2
M03AC04,Intravenous,none,partial,5
J01CR05,Intravenous,partial,partial,4
V03AB17,Intravenous,none,none,1
V03AB17,Oral,none,none,1
M03BX01,Intrathecal,partial,partial,13
L01XC25,Intravenous,none,none,1
N01AF01,Intramuscular,none,none,1
N01AF01,Rectal,none,none,1
N01AF01,Intravenous,none,none,1
S01XA27,Subretinal,none,none,1
J01DH52,Intravenous,none,none,1
B02BD07,Intravenous,none,partial,2
B01AX07,Intravenous,none,none,1
B01AX07,Subcutaneous,none,none,1
B06AC05,Subcutaneous,none,none,2
G03GA01,Intramuscular,partial,partial,7
L01XC32,Intravenous,none,none,2
L01XG01,Intravenous,none,partial,4
L01XG01,Subcutaneous,none,partial,3
N07XX12,Intravenous,none,none,1
C04AB01,Intramuscular,partial,partial,2
C04AB01,Intravenous,partial,partial,2
L01XC33,Intravenous,none,none,1
V03AB38,Intravenous,none,none,1
C01BG11,Intravenous,none,none,1
H03AA02,Intravenous,partial,partial,3
L04AX08,Intralesional,none,none,1
D03BA03,Cutaneous,none,none,1
J07AC01,Intramuscular,none,none,2
J07AC01,Subcutaneous,none,none,1
J01XX01,Intravenous,none,none,1
B06AC04,Intravenous,none,none,1
B02BD04,Intravenous,none,partial,9
L01AA09,Intravenous,none,none,3
S01XA22,Intravitreal,none,none,1
L01XC28,Intravenous,none,none,2
M05BX05,Subcutaneous,none,none,3
A16AB17,Intracerebroventricular,none,none,1
L01XC16,Intravenous,none,none,1
L01DB01,Intravenous,none,partial,14
L01DB01,Intravesical,none,partial,7
B01AE03,Intravenous,none,none,2
V04CX01,Intravenous,none,none,3
N02AA01,Intravenous,partial,partial,50
B02BX06,Subcutaneous,none,none,4
J01GB06,Intrathecal,none,none,2
L04AA36,Intravenous,none,none,1
M09AX07,Intrathecal,none,none,1
L01XC27,Intravenous,none,full,2
L01XG02,Intravenous,none,partial,3
H05BX04,Intravenous,none,full,3
B01AB02,Intravenous,none,none,2
N05CA02,Intramuscular,none,none,1
N05CA02,Intravenous,none,none,1
L01XX02,Intravenous,none,partial,4
L01XC24,Intravenous,none,full,2
L01XC23,Intravenous,none,full,2
L01XC22,Intravenous,none,full,1
L01XX51,Intralesional,none,full,2
L04AA04,Intravenous,partial,partial,2
L03AX03,Intravesical,partial,partial,3
R03DX09,Subcutaneous,full,partial,3
J01DI01,Intravenous,none,full,1
B01AC25,Intravenous,none,none,1
B02BD06,Intravenous,none,partial,15
L04AA15,Intravenous,none,none,1
L04AA15,Intramuscular,none,none,1
P01BE03,Intramuscular,none,none,1
P01BE03,Intravenous,none,none,1
J01DD04,Intramuscular,full,partial,4
B01AD02,Intravitreal,none,none,1
B02AB01,Epilesional,none,none,3
L01XX44,Intravenous,none,none,2
J01DC02,Intracameral,none,partial,4
B01AD02,Intravenous,partial,partial,7
L01XC12,Intravenous,none,full,1
J02AA01,Intravenous,partial,partial,10
B05AA01,Intravenous,none,partial,19
C03CA01,Intramuscular,full,partial,8
C03CA01,Intravenous,full,partial,8
L04AA26,Intravenous,full,full,2
L02AE04,Intramuscular,full,partial,5
A16AB10,Intravenous,none,none,1
V08CA04,Intravenous,none,none,5
L01CA05,Intravenous,none,none,2
B01AC06,Intramuscular,none,none,2
B01AC06,Intravenous,none,none,2
J01CE08,Intramuscular,none,none,3
C07AB09,Intravenous,none,partial,2
R07AA01,Endotracheopulmonary,full,none,2
J01XB01,Oral,none,none,1
J01XB01,Auricular,none,none,1
J01XB01,Cutaneous,none,none,1
J01XB01,Ocular,none,none,1
B05CA07,Intraperitoneal,none,none,1
B02BD02,Intravenous,partial,full,10
B01AE02,Intravenous,full,none,1
J01DB04,Intramuscular,full,none,2
J01DB04,Intravenous,full,none,3
L01XD05,Intravenous,none,full,1
J07BG01,Intramuscular,none,partial,3
L04AA21,Subcutaneous,full,full,1
J06BA01,Intramuscular,none,partial,2
S01EB09,Intraocular,none,partial,2
L04AB01,Subcutaneous,full,partial,7
A04AA05,Intravenous,full,full,1
B01AD11,Intravenous,none,full,2
B01AD12,Intravenous,none,full,2
H01AB01,Intramuscular,none,full,1
A10AB06,Subcutaneous,full,partial,3
J01CA17,Intramuscular,full,full,1
J01CA17,Intravenous,full,full,1
R03DX05,Subcutaneous,full,partial,3
A02BC01,Intravenous,full,full,2
V03AF08,Intravenous,full,full,1
C05BB05,Submucosal rectal,none,partial,3
M03AX01,Intramuscular,none,full,8
M03AX01,Intradermal,none,full,3
M03AX01,Intraglandular,none,full,2
H03AA01,Intravenous,full,none,2
G03GA02,Intramuscular,full,partial,3
G03GA02,Subcutaneous,full,partial,4
H03AA01,Intramuscular,full,none,1
G03GA04,Intramuscular,full,partial,4
G03GA04,Subcutaneous,full,partial,4
H01AC01,Subcutaneous,none,partial,34
B01AB05,Intraarterial,none,partial,8
B01AB05,Intravenous,none,partial,8
B01AB05,Subcutaneous,none,partial,8
V04CF01,Intradermal,none,full,2
H01AC03,Subcutaneous,full,full,1
G03GA30,Subcutaneous,none,partial,3
H01CB02,Intravenous,full,partial,10
H01CB02,Subcutaneous,full,partial,10
M01AB05,Intramuscular,full,partial,3
M01AB05,Intravenous,full,partial,3
N05AX12,Intramuscular,full,partial,3
J07BA02,Subcutaneous,none,partial,4
A06AH01,Subcutaneous,full,full,1
A10AB01,Subcutaneous,full,partial,8
H02AB09,Intramuscular,full,partial,4
H02AB09,Intravenous,full,partial,4
B02BD08,Intravenous,none,partial,11
L01BC07,Subcutaneous,none,full,1
J05AJ04,Intramuscular,none,none,1
N07BC06,Intramuscular,none,partial,8
N07BC06,Intravenous,none,partial,8
N07BC06,Subcutaneous,none,partial,8
B02BX04,Subcutaneous,full,partial,3
L04AC07,Intravenous,full,full,3
L03AX16,Subcutaneous,full,full,1
A10AB04,Subcutaneous,full,partial,6
L04AC08,Subcutaneous,full,partial,2
L02BX02,Subcutaneous,full,none,2
J02AX06,Intravenous,full,full,2
L03AX14,Subcutaneous,full,full,1
J01DF01,Inhalation,full,none,1
N05CC05,Intramuscular,partial,none,2
H01AA01,Intramuscular,full,none,1
H01AA01,Subcutaneous,full,none,1
L01XX24,Intramuscular,none,partial,2
L01XX24,Intravenous,none,partial,2
G04BE02,Intramuscular,partial,none,4
G04BE02,Intravenous,partial,none,5
L01XX41,Intravenous,none,partial,2
M05BX04,Subcutaneous,full,full,2
L04AA28,Intravenous,full,full,1
J06BA02,Intravenous,none,partial,22
L01CE01,Intravenous,none,partial,4
L01XC07,Intravitreal,none,none,2
L04AB04,Subcutaneous,full,partial,9
L01DB03,Intravenous,none,partial,8
L01DB03,Intravesical,none,partial,8
L01BC02,Intraarterial,none,partial,8
L01BC02,Intravenous,none,partial,8
C01AA05,Intravenous,full,partial,3
M03AC11,Intravenous,none,partial,7
L01XC13,Intravenous,none,full,1
J02AC03,Intravenous,full,partial,2
L01DB06,Intravenous,none,partial,4
G03BA03,Intramuscular,partial,partial,6
L01XC03,Subcutaneous,none,none,1
B05BA03,Intravenous,none,partial,29
G03DA04,Intramuscular,full,partial,6
G03DA04,Subcutaneous,full,partial,2
L01XC14,Intravenous,none,full,2
H01BA04,Intravenous,full,partial,2
L04AA34,Intravenous,partial,partial,3
L04AA33,Intravenous,full,full,1
A16AB12,Intravenous,full,full,1
L01XC02,Subcutaneous,none,none,1
L04AC11,Intravenous,full,full,2
L01XC15,Intravenous,none,full,1
J02AC04,Intravenous,full,none,1
A12CC02,Intramuscular,full,partial,9
A12CC02,Intravenous,full,partial,10
L01XC21,Intravenous,none,full,2
L01XX02,Intramuscular,none,partial,3
C01DA08,Intravenous,none,partial,4
C01DA08,Intracoronary,none,partial,3
J06BA02,Subcutaneous,none,partial,5
J01XX11,Intravenous,full,full,1
L01XC17,Intravenous,none,partial,3
H01CB05,Intramuscular,full,none,5
L01XC18,Intravenous,none,partial,2
J06BB16,Intramuscular,none,partial,4
L02AE02,Intramuscular,full,partial,5
A16AB13,Subcutaneous,none,none,4
A16AB14,Intravenous,full,none,1
J07BC02,Intramuscular,none,partial,5
V03AB37,Intravenous,none,full,1
H05BX02,Intravenous,full,partial,3
N03AX23,Intravenous,full,full,1
H01AX01,Subcutaneous,full,partial,5
B05XA03,Intravenous,none,partial,23
B01AC09,Intravenous,none,partial,6
L04AC05,Intravenous,none,none,1
R03DX08,Intravenous,full,partial,2
L01BC01,Intravenous,none,partial,9
L01BC01,Subcutaneous,none,partial,8
J01XA04,Intravenous,full,full,1
N01AH02,Intravenous,none,partial,5
L01XC26,Intravenous,none,none,1
L01XC31,Intravenous,none,none,1
H01BB03,Intravenous,full,partial,2
H01CA01,Intravenous,none,partial,2
H01CA01,Subcutaneous,none,partial,2
L01AB01,Intravenous,none,partial,2
N04BC07,Subcutaneous,full,partial,8
J01DE01,Intramuscular,full,none,2
J01DE01,Intravenous,full,none,2
M03AC03,Intravenous,none,partial,2
L03AX03,Intradermal,none,partial,3
A16AA07,Subcutaneous,none,none,3
G03GA01,Subcutaneous,partial,partial,7
B02BD11,Intravenous,none,none,1
L04AA43,Intravenous,none,none,3
N01BA04,Perineural,none,none,1
J07AH08,Intramuscular,none,partial,2
G01AA51,Vaginal,none,none,1
M09AX02,Intraarticular,none,none,2
G01AA10,Vaginal,full,full,1
G03CA03,Vaginal,partial,partial,6
G03CA04,Vaginal,full,partial,4
G01AX11,Vaginal,full,none,3
G01AA01,Vaginal,full,partial,2
G01AF12,Vaginal,full,full,3
G01AF04,Vaginal,full,partial,3
N02AB03,Buccal,full,full,14
R02AA06,Oromucosal,none,full,1
R02AX01,Oromucosal,full,full,1
R02AA16,Oromucosal,none,full,1
R02AA02,Oromucosal,full,partial,3
R05DA09,Oromucosal,full,none,2
R02AA12,Oromucosal,none,full,2
R02AX03,Oromucosal,full,none,1
H01BB02,Nasal,none,none,1
J07AE01,Oral,none,full,1
R03AK08,Inhalation,none,partial,4
R03BA02,Inhalation,full,partial,14
R01AD08,Nasal,full,full,3
N02AB03,Nasal,full,full,4
C01DA02,Sublingual,full,full,6
R03BB05,Inhalation,full,full,1
R03AK11,Inhalation,none,partial,5
R03AK10,Inhalation,none,full,2
R03AC19,Inhalation,full,partial,2
R03BB07,Inhalation,full,full,1
R03AL05,Inhalation,none,none,1
R03AL06,Inhalation,none,partial,2
R03AL08,Inhalation,none,none,1
R03BB04,Inhalation,full,partial,5
R01AB06,Nasal,none,none,1
N07BA01,Inhalation,full,none,1
R03AK07,Inhalation,none,partial,5
R03AL11,Inhalation,none,none,1
R03AL07,Inhalation,none,none,1
R01AD59,Nasal,none,none,1
M09AX09,Intravenous,none,none,37
L01XX71,Intravenous,none,none,1
N01BB09,Perineural,none,partial,6
L01BC52,Intravenous,none,none,29
A09AB04,Oral,none,none,2
N06AX27,Nasal,none,none,1
V03AB22,Inhalation,none,none,1
S01EE05,Ocular,none,full,1
S01AA26,Ocular,none,full,1
S01AX18,Ocular,none,partial,2
S03AA07,Auricular,none,none,1
V03AB15,Nasal,none,none,1
L04AC21,Subcutaneous,none,none,2
C02AC01,Intravenous,partial,none,2
L04AA23,Subcutaneous,none,none,1
L04AC18,Subcutaneous,partial,none,3
L04AA52,Subcutaneous,none,none,1
L03AB13,Intramuscular,none,none,1
L04AA26,Subcutaneous,none,none,1
L01XX44,Intravitreal,none,partial,2
S01LA06,Intravitreal,none,none,1
L01BC02,Intraocular,none,none,1
R03CC03,Intravenous,partial,partial,9
D11AH05,Subcutaneous,none,none,4
B01AB01,Intravenous,partial,partial,14
N01AH01,Intravenous,none,partial,5
C01CA04,Intravenous,partial,partial,11
M03AB01,Intravenous,none,partial,2
N02AA01,Intramuscular,partial,partial,21
J01XA01,Intrathecal,none,none,2
L02BA03,Intramuscular,full,full,1
G03GA08,Subcutaneous,full,partial,2
G03GA05,Subcutaneous,full,partial,18
B03XA02,Intravenous,full,partial,22
B03XA02,Subcutaneous,full,partial,22
A03BA01,Intramuscular,partial,partial,12
A03BA01,Intravenous,partial,partial,13
A03BA01,Subcutaneous,partial,partial,9
J06BB01,Intramuscular,none,partial,8
J06BB01,Intravenous,none,partial,3
L03AX13,Subcutaneous,full,partial,3
L03AA13,Subcutaneous,full,partial,2
B01AX05,Subcutaneous,full,partial,5
J07AL52,Intramuscular,none,full,1
M05BA06,Intravenous,full,partial,4
S01LA03,Intravitreal,none,full,1
L04AX03,Intramuscular,full,partial,18
L04AX03,Intravenous,full,partial,18
L04AX03,Subcutaneous,full,partial,28
J07BC01,Intramuscular,none,partial,10
J07BC01,Subcutaneous,none,partial,9
J07CA06,Intramuscular,none,full,2
B03XA01,Intravenous,full,partial,57
B03XA01,Subcutaneous,full,partial,57
J07BC20,Intramuscular,none,full,4
J07BC20,Subcutaneous,none,full,4
A10BJ01,Subcutaneous,full,partial,5
B03XA03,Intravenous,none,partial,9
B03XA03,Subcutaneous,none,partial,9
J07BD52,Intramuscular,none,partial,2
J07BD52,Subcutaneous,none,partial,2
B06AC02,Subcutaneous,full,full,1
J07BA02,Intramuscular,none,full,1
J07BB01,Intradermal,none,full,2
G03GA09,Subcutaneous,none,full,2
L03AA02,Intravenous,full,full,5
L03AA02,Subcutaneous,full,full,5
L04AC05,Subcutaneous,partial,partial,3
L04AB06,Subcutaneous,full,partial,3
N05AX13,Intramuscular,full,full,8
N02CC01,Subcutaneous,full,partial,4
L02AE02,Subcutaneous,full,full,4
L03AB11,Subcutaneous,full,partial,5
H05AA02,Subcutaneous,full,partial,4
H01CB03,Subcutaneous,full,partial,5
C01CA24,Intravenous,partial,partial,12
C01CA24,Intraosseous,full,full,4
C01CA24,Endotracheopulmonary,full,partial,7
C01CA24,Intracardiac,full,full,4
C01CA24,Intramuscular,full,partial,11
C01CA24,Subcutaneous,full,partial,3
L01XC09,Intraperitoneal,none,full,2
N02AA01,Epidural,partial,none,9
L04AA24,Subcutaneous,full,none,4
A10AE06,Subcutaneous,full,full,3
A10BJ03,Subcutaneous,none,full,2
G03DA02,Subcutaneous,full,full,1
L03AA14,Subcutaneous,full,full,1
S01LA04,Intravitreal,none,none,2
L04AC07,Subcutaneous,full,none,2
L03AB13,Subcutaneous,full,full,1
A10AE56,Subcutaneous,full,full,1
A10BJ05,Subcutaneous,full,partial,4
B01AB10,Subcutaneous,full,partial,11
L04AC10,Subcutaneous,full,partial,3
A10AE04,Subcutaneous,full,partial,5
C10AX13,Subcutaneous,full,full,2
C10AX14,Subcutaneous,full,partial,3
A10BJ04,Subcutaneous,full,full,2
L04AC13,Subcutaneous,full,full,2
J07BM03,Intramuscular,none,none,1
L04AB05,Subcutaneous,full,none,3
L04AC01,Subcutaneous,full,full,1
L01BA01,Subcutaneous,none,none,16
L04AC12,Subcutaneous,full,none,1
L04AC14,Subcutaneous,full,none,4
L04AC16,Subcutaneous,full,none,2
A10AE01,Subcutaneous,full,none,3
R03DX10,Subcutaneous,full,none,2
L03AA10,Intravenous,full,partial,4
L03AA10,Subcutaneous,full,partial,4
N02CD01,Subcutaneous,full,none,2
L04AC17,Subcutaneous,full,none,1
A10BJ06,Subcutaneous,full,none,3
A10AE54,Subcutaneous,full,none,2
N02AE01,Subcutaneous,full,none,7
N07XX15,Subcutaneous,none,none,1
N02CD03,Subcutaneous,full,none,2
G03GA10,Subcutaneous,full,none,6
N02CD02,Subcutaneous,full,none,1
L04AB02,Subcutaneous,full,none,2
M05BX06,Subcutaneous,none,none,1
G02CX01,Intravenous,full,partial,4
L04AA03,Subcutaneous,full,none,2
J07BB02,Intramuscular,none,partial,6
J07CA12,Intramuscular,none,none,1
C10AX16,Subcutaneous,none,none,1
L03AB15,Subcutaneous,none,none,1
D11AH07,Subcutaneous,none,none,1
M01AB05,Cutaneous,full,none,1
M02AA13,Cutaneous,none,none,1
N07BC01,Subcutaneous,none,none,1
D02BB02,Subcutaneous,none,none,1
M05BC01,Epilesional,none,none,2
M05BC01,Intradiscal,none,none,2
G03AC08,Subcutaneous,full,full,1
G04BE01,Urethral,full,full,4
G03BA03,Subcutaneous,none,partial,2
G03CA03,Subcutaneous,none,none,3
L02AE05,Subcutaneous,none,none,1
G03AC03,Intrauterine,none,full,2
G02AD06,Vaginal,none,none,1
R05DA08,Oromucosal,full,none,1
R06AE05,Oromucosal,full,none,1
R02AA03,Oromucosal,none,none,1
N01BB58,Subcutaneous,none,none,2
G03GA06,Subcutaneous,full,full,7
A10AD04,Subcutaneous,full,partial,2
H05AA03,Subcutaneous,full,none,1
G04BE01,Intracavernous,full,full,12
L03AB07,Subcutaneous,full,full,5
N01BB54,Perineural,none,partial,3
A10AB05,Subcutaneous,full,partial,4
G02AD03,Vaginal,full,full,1
G01AF02,Vaginal,full,full,4
G03DA04,Rectal,full,full,2
G03DA04,Vaginal,full,partial,6
G01AF05,Vaginal,full,full,1
G03XX01,Vaginal,full,none,1
N07BA01,Oral,full,none,1
N07BC51,Buccal,full,none,2
N07BC51,Sublingual,full,partial,5
V08AB10,Intravenous,none,none,12
V08AB10,Intraarterial,none,none,9
V08AB10,Intralesional,none,none,6
V08AB10,Intraglandular,none,none,9
B05XA02,Intravenous,none,partial,13
B02BB01,Intravenous,none,none,1
V08CA02,Intravenous,none,none,2
V08AB09,Intrathecal,none,none,2
V08AB09,Intraarterial,none,none,2
V08AB09,Intravenous,none,none,2
V08AB09,Oral,none,none,2
B05XB01,Intravenous,none,none,5
V08AB10,Intrathecal,none,none,3
V08AB10,Intracholangiopancreatic,none,none,3
V08AB10,Intraarticular,none,none,3
V08AB04,Intraventricular cardiac,none,none,3
V08AB04,Intraarterial,none,none,3
V08AB04,Intravenous,none,none,3
V08AB04,Intraarticular,none,none,3
A07BA01,Gastroenteral,full,none,1
J01MA14,Intravenous,full,partial,2
B05CA05,Intraperitoneal,none,none,2
J01MA12,Intravenous,full,partial,3
J01XD01,Intravenous,full,partial,3
J01XX08,Intravenous,full,partial,2
J07BH01,Oral,none,partial,2
L01XB01,Oral,none,partial,2
A07AA10,Oral,none,partial,3
R05CA10,Oral,none,partial,15
N02BA04,Oral,full,none,1
R05FA02,Oral,none,partial,2
R05DA01,Oral,full,none,1
A02AA04,Oral,full,partial,5
N05AB06,Oral,full,partial,8
J01CE02,Oral,full,full,5
J01CF05,Oral,full,partial,8
J01FA01,Oral,full,full,11
J01DB01,Oral,full,full,9
R06AB01,Oral,full,none,3
J01CA01,Oral,full,full,4
N03AD01,Oral,full,partial,3
J01DB05,Oral,full,partial,4
J05AB01,Oral,full,full,8
J01DC02,Oral,full,partial,4
J01DC04,Oral,full,full,7
N05AB04,Oral,full,partial,4
B03AA02,Oral,full,full,5
J02AC01,Oral,full,full,5
P02CA01,Oral,full,full,2
A02BA01,Oral,full,partial,9
N02BA10,Oral,full,none,3
R01BA52,Oral,partial,partial,12
R03CC03,Oral,full,partial,3
R01BA02,Oral,full,full,5
R05DA08,Oral,full,full,6
R03CC02,Oral,full,partial,7
A06AB06,Oral,none,partial,8
A06AB08,Oral,full,partial,2
R03CB03,Oral,full,none,2
B03AE10,Oral,none,partial,3
R06AX27,Oral,full,partial,3
J05AF05,Oral,full,partial,5
M01AH02,Oral,full,none,5
J01DD08,Oral,full,partial,3
R06AX13,Oral,full,partial,4
A11HA03,Oral,partial,partial,8
J01DB09,Oral,full,partial,3
R06AA04,Oral,full,partial,2
N05CM07,Oral,full,none,1
J01DD13,Oral,full,none,2
J01XC01,Oral,full,full,2
J01MB02,Oral,full,partial,3
A02AD04,Oral,none,partial,2
A07DA52,Oral,none,partial,4
R05FB01,Oral,none,full,1
P01AX06,Oral,full,full,1
J05AG01,Oral,full,partial,5
R05DA20,Oral,none,full,1
R06AX09,Oral,full,none,1
A03FA02,Oral,full,none,2
R06AA52,Oral,partial,partial,4
P01BA01,Oral,full,partial,4
J01DC10,Oral,full,none,3
R06AB51,Oral,none,full,2
N07XX59,Oral,full,full,1
J01XX08,Oral,full,full,2
R06AA02,Oral,full,full,3
J02AC03,Oral,full,partial,4
A06AX01,Oral,none,partial,2
A11AA02,Oral,none,none,2
J07CA06,Oral,none,none,1
M01AX05,Oral,partial,partial,21
N05CM02,Oral,full,partial,3
A07AA11,Oral,full,partial,3
A02BC01,Gastroenteral,full,none,2
C01BA05,Intravenous,none,none,1
B02AA02,Intravenous,partial,partial,2
N01AX14,Intramuscular,none,none,3
N01AX14,Intravenous,none,none,3
H01BA01,Intravenous,partial,partial,2
C01CA03,Intravenous,partial,none,11
N05CD08,Intramuscular,partial,partial,10
N05CD08,Rectal,partial,partial,10
C01CA02,Intravenous,none,none,2
N05AC04,Intramuscular,partial,none,3
C01BB01,Intramuscular,none,none,1
N05AH02,Intramuscular,none,none,1
C07AG01,Intravenous,partial,partial,3
V04CK01,Intravenous,none,none,1
N01BB01,Intraarticular,none,none,1
J04AC01,Intramuscular,partial,partial,2
J04AC01,Intravenous,partial,partial,2
J04AC01,Subcutaneous,none,none,1
J04AC01,Intracavernous,none,none,1
J04AC01,Intraarticular,none,none,1
J04AC01,Intravesical,none,none,1
V04CX09,Intraarterial,none,none,1
V04CX09,Subcutaneous,none,none,1
C08CA04,Intravenous,none,full,1
N02AA01,Intrathecal,partial,none,5
N02AA01,Subcutaneous,partial,partial,18
R03DA05,Intravenous,partial,partial,3
N01BB01,Intravenous,none,none,1
N07AB01,Intramuscular,none,none,1
C01EB10,Intramuscular,none,none,2
M03BX01,Intramuscular,none,none,1
N01AX10,Intravenous,none,partial,8
N02AA05,Intravenous,full,partial,3
N02AA05,Subcutaneous,full,partial,3
V03AB08,Intravenous,none,none,2
J01EC02,Intramuscular,none,none,1
J01EC02,Intravenous,none,none,1
C02DA01,Intravenous,full,none,1
N01AX07,Intravenous,none,full,1
C01CA26,Intravenous,full,full,2
N02AA10,Intramuscular,none,partial,3
N02AA10,Intravenous,none,partial,3
N02AA10,Subcutaneous,none,partial,3
N03AA02,Intramuscular,full,partial,4
N03AA02,Intravenous,full,partial,4
N03AA02,Subcutaneous,full,partial,4
C01AA05,Intramuscular,full,none,1
A11HA03,Intramuscular,full,none,1
N07BC02,Intramuscular,full,partial,10
N07BC02,Subcutaneous,full,partial,10
N02AB02,Intramuscular,full,partial,6
N02AB02,Intravenous,full,partial,6
N02AB02,Subcutaneous,full,partial,6
N02AA03,Intravenous,full,none,4
N02AA03,Subcutaneous,full,none,4
R06AD02,Intramuscular,full,partial,2
R06AD02,Intravenous,full,partial,2
B03BA05,Intramuscular,full,none,1
B03BA05,Intravenous,full,none,1
B03BB01,Intravenous,full,none,1
A11CC05,Intramuscular,none,none,1
G04BE02,Intracavernous,none,none,1
A11CC01,Intramuscular,none,partial,4
H01CB05,Subcutaneous,none,full,3
N01BA04,Intrathecal,none,full,1
N01BB52,Intramuscular,none,none,1
H02AB08,Periarticular,full,none,1
H02AB08,Intraarticular,full,partial,6
B03BA03,Intramuscular,partial,partial,2
J01MA12,Inhalation,full,full,1
V04CJ02,Intravenous,none,none,2
J01GB01,Inhalation,full,full,4
M03AC09,Intravenous,none,partial,4
A11CA01,Intramuscular,full,none,1
B01AC11,Inhalation,full,partial,4
B05BA10,Intravenous,none,none,1
L01EE04,Oral,none,none,2
V10XA01,Oral,none,none,195
B06AC06,Oral,none,none,1
V09DX01,Oral,none,none,1
L01EJ02,Oral,none,none,1
L04AA38,Oral,none,none,3
L01EL02,Oral,none,none,1
L01EX14,Oral,none,none,2
J04AK03,Oral,none,none,1
N07XX08,Oral,partial,partial,2
L01XK04,Oral,none,none,2
H05BX01,Oral,partial,partial,6
C01BA13,Oral,none,none,1
A11CA02,Oral,none,none,6
L01XX03,Oral,none,none,1
L01ED02,Oral,none,partial,2
P01CX04,Oral,none,none,2
N03AD03,Oral,partial,none,2
L01XH01,Oral,none,none,1
L01EX07,Oral,none,full,5
L01ED01,Oral,none,full,2
C02KB01,Oral,none,none,1
J05AE08,Oral,full,partial,4
A07FA01,Oral,none,none,1
C10AX06,Oral,none,partial,4
N06DX02,Oral,none,none,2
M01AE51,Oral,none,partial,4
J05AF01,Oral,full,full,3
M01AE03,Oral,full,full,5
C10AA04,Oral,full,full,3
C07AB04,Oral,full,full,3
V08AC08,Oral,none,none,1
M01AB11,Oral,full,full,1
A03AX08,Oral,none,full,2
M01AX04,Oral,full,none,2
A08AB01,Oral,full,partial,3
N05CF03,Oral,full,full,2
J01AA04,Oral,full,full,1
C10AB04,Oral,full,full,2
G03BA03,Oral,full,full,1
M01AE11,Oral,full,partial,3
M01AE09,Oral,full,partial,3
M01AC01,Oral,full,partial,6
A08AA10,Oral,full,none,2
M01AE05,Oral,full,none,3
G03XA01,Oral,partial,partial,5
R06AX18,Oral,full,full,1
C07FB03,Oral,none,full,1
A07EC04,Oral,full,full,1
R03AK13,Inhalation,none,none,2
R03BC01,Inhalation,full,none,5
N05CA02,Oral,full,none,3
C10AD06,Oral,full,full,1
N05CB01,Oral,none,none,1
N02AD01,Oral,full,full,2
N05CA06,Oral,full,none,3
M05BA02,Oral,full,full,3
N05AH01,Oral,full,none,3
C03DB02,Oral,full,full,1
B03AD02,Oral,none,full,2
J01BA01,Oral,full,full,1
J04BA01,Oral,full,partial,2
L01XX11,Oral,none,full,1
G03XA02,Oral,full,none,1
J05AB06,Oral,full,none,2
M01AB08,Oral,full,partial,3
A16AA04,Oral,full,partial,4
D10BA01,Oral,full,partial,5
V04CD01,Oral,none,full,1
A04AD11,Oral,full,partial,4
J04AB01,Oral,full,full,1
D11AX02,Oral,full,none,3
A12CC04,Oral,full,none,5
L01XF03,Oral,none,full,1
J05AE02,Oral,full,full,4
J05AE01,Oral,full,partial,3
L01AD02,Oral,none,partial,2
A04AA03,Oral,full,none,1
L01AB02,Oral,none,full,1
L01AX03,Oral,none,partial,6
L01XF01,Oral,none,full,1
L01CB01,Oral,none,full,2
J05AF02,Oral,full,full,7
L01DB06,Oral,none,full,3
H02CA01,Oral,full,none,2
C02AC01,Oral,full,partial,3
N05AE01,Oral,full,none,2
N05CD01,Oral,full,full,2
J05AE05,Oral,full,none,3
L01BC02,Oral,none,full,1
A11HA31,Oral,none,none,3
V03AB32,Oral,none,none,1
D11AX52,Oral,none,none,3
A11AA03,Oral,none,none,3
R01BA03,Oral,full,partial,3
G03BA02,Oral,full,none,1
L01XX35,Oral,none,full,1
A16AX05,Oral,full,full,2
A16AX06,Oral,full,full,1
L01CA04,Oral,none,partial,3
A16AX04,Oral,full,partial,5
A11AA01,Oral,none,none,1
G04BX15,Oral,full,none,2
A07BA51,Oral,partial,partial,2
G04BD06,Oral,full,partial,3
L01EX01,Oral,none,full,3
R05CB15,Oral,full,full,1
L04AX04,Oral,full,partial,7
G03DA04,Oral,full,full,2
A16AA01,Oral,full,partial,6
N06BA11,Oral,full,none,1
H05BX02,Oral,full,full,3
B01AE07,Oral,full,partial,3
N06AX02,Oral,none,none,2
L01EA03,Oral,none,partial,3
L01AB01,Oral,none,partial,2
D11AH04,Oral,full,full,2
L01CE01,Oral,none,full,2
A07AA02,Oral,partial,partial,4
J01EB04,Oral,full,none,1
N07CA03,Oral,full,none,4
V03AE07,Oral,full,partial,6
R03AC18,Inhalation,full,full,2
N06BA12,Oral,full,partial,6
N05AE04,Oral,full,none,4
L04AA27,Oral,partial,partial,2
J05AP03,Oral,full,none,1
A05AA01,Oral,full,none,3
N06BX13,Oral,full,none,3
A04AA05,Oral,full,none,1
L01BC53,Oral,none,full,2
R05CB16,Inhalation,none,full,1
N06AX01,Oral,none,none,3
N06XA02,Oral,none,none,1
A06AX04,Oral,full,full,1
G04BX03,Oral,full,none,1
L04AX05,Oral,full,partial,3
A07FA02,Oral,none,none,1
J01XB01,Inhalation,full,full,5
L02BB04,Oral,full,partial,2
A06AX03,Oral,none,full,1
L01XJ01,Oral,none,full,1
L01EC02,Oral,none,full,2
C10AX12,Oral,full,full,3
C10AX08,Oral,none,none,1
L04AX07,Oral,full,partial,4
J05AP05,Oral,full,full,1
B03BA05,Oral,full,none,2
C01BA02,Oral,full,none,1
N06AX17,Oral,full,none,1
C03AH01,Oral,none,none,4
R03AL04,Inhalation,none,full,1
L01EL01,Oral,none,partial,5
C07FX04,Oral,none,none,4
L01EX09,Oral,none,full,2
A05AA03,Oral,none,full,1
L01XK01,Oral,none,partial,3
L01EX08,Oral,none,full,2
J02AC05,Oral,full,full,1
L01XH03,Oral,none,full,3
G03AC05,Oral,none,none,2
P01AX05,Oral,full,none,2
N04BX04,Oral,full,full,1
L01EF01,Oral,none,partial,6
L01XG03,Oral,none,full,3
L01ED03,Oral,none,full,1
A03AX58,Oral,none,full,1
A16AX14,Oral,full,none,1
A12CC10,Oral,none,none,4
A16AX10,Oral,full,none,1
L01XK02,Oral,none,none,1
L01EK03,Oral,none,none,2
A11CC55,Oral,none,none,1
L01EX10,Oral,none,none,1
N05AX15,Oral,full,none,4
L01EC03,Oral,none,none,2
N06AF03,Oral,full,partial,2
R03AK14,Inhalation,none,none,3
G03FA04,Oral,none,none,1
B02BX08,Oral,none,none,1
A10BB05,Oral,none,none,2
L04AA50,Oral,none,none,10
L01EX21,Oral,none,none,1
L01XX73,Oral,none,none,1
L01EH03,Oral,none,none,2
N03AX25,Oral,full,none,6
D11AH08,Oral,none,none,3
H01CC54,Oral,none,none,1
L01EX20,Oral,none,none,3
H02CA02,Oral,none,none,3
G02AD06,Oral,partial,none,2
J05AJ03,Oral,partial,partial,4
N05AF03,Oral,partial,none,2
J05AP55,Oral,none,partial,2
R07AX31,Oral,none,none,2
L01XX66,Oral,none,none,1
N05AD03,Oral,partial,none,2
L01EX18,Oral,none,none,3
L01XJ03,Oral,none,none,2
L01EM03,Oral,none,none,3
A10BJ06,Oral,none,none,3
J05AX27,Oral,none,none,1
J01MA23,Oral,none,none,1
B02BX09,Oral,none,none,2
L02BB06,Oral,none,none,1
L04AA44,Oral,none,none,3
L01EH02,Oral,none,none,1
P02CB02,Oral,none,none,2
L01ED05,Oral,none,none,2
L01XK03,Oral,none,none,3
L01XX52,Oral,none,full,3
B01AC27,Oral,none,full,8
C01CA01,Oral,partial,none,2
L04AA32,Oral,full,none,3
L01EM01,Oral,none,full,2
P01BE03,Oral,none,none,1
P01CA02,Oral,partial,none,2
R05CB02,Oral,none,none,1
J05AB15,Oral,none,none,1
H03AA03,Oral,none,none,7
N06DX01,Oral,full,partial,7
J02AX01,Oral,none,full,1
G04BA01,Oral,partial,none,2
N04BX01,Oral,full,full,1
A02AF02,Oral,none,partial,2
A02AD01,Oral,none,partial,7
N02BA51,Oral,partial,partial,9
G03XB01,Oral,full,full,1
A02AC10,Oral,none,full,1
G02CB04,Oral,full,full,3
N06AX06,Oral,full,none,3
G04CA03,Oral,full,full,4
N07BC04,Oral,full,full,1
C02DC01,Oral,full,full,3
G03CA03,Oral,full,full,5
G03DC02,Oral,full,partial,2
C03EA07,Oral,none,full,1
C03EB02,Oral,none,full,1
C08CA13,Oral,full,partial,2
C02AC05,Oral,full,full,3
C01DA02,Oral,full,none,3
C07AB12,Oral,full,partial,4
C10AB08,Oral,full,full,1
C03AA07,Oral,full,full,1
C09AA16,Oral,full,full,3
C09DA01,Oral,partial,partial,2
C09AA06,Oral,full,full,4
N05AB04,Buccal,full,full,1
C07AA06,Oral,full,full,1
C03BA10,Oral,full,full,1
J01MA06,Oral,full,full,1
C07DA06,Oral,none,none,2
C09BA02,Oral,none,full,1
M01AB16,Oral,full,full,1
A10BF01,Oral,full,full,2
N02CC01,Oral,full,full,2
A02BA07,Oral,full,none,1
A10BG02,Oral,full,none,2
N02CC04,Oral,full,partial,5
N07BB03,Oral,full,full,1
M05BA07,Oral,full,full,3
G03XC01,Oral,full,full,1
N06AX12,Oral,full,full,1
J04AM02,Oral,none,full,3
N02CC05,Oral,full,full,1
G03AC03,Oral,none,partial,3
G03AA07,Oral,none,partial,3
A02BC04,Oral,full,full,2
N02CC02,Oral,full,full,1
A10BB07,Oral,full,full,2
C07BB04,Oral,none,none,1
R03DA05,Oral,full,partial,5
G02CB03,Oral,full,full,1
N04BC06,Oral,full,full,3
A10BX02,Oral,full,full,3
J01AA20,Oral,none,none,1
R03DC03,Oral,full,full,4
R03DC01,Oral,full,full,1
N02CC03,Oral,full,partial,4
N04BC02,Oral,full,full,3
R03CC12,Oral,full,full,2
L04AA13,Oral,full,partial,4
A02BB01,Oral,full,full,1
P01BC02,Oral,full,full,1
J05AB09,Oral,full,full,4
N06CA01,Oral,none,full,2
N06AX18,Oral,full,full,1
G03CA53,Oral,none,full,4
N02CA52,Oral,none,full,1
C09DA04,Oral,none,partial,3
R06AX25,Oral,full,full,1
G03CX01,Oral,full,full,1
M01AC02,Oral,full,full,1
R06AX12,Oral,full,none,2
G03GB02,Oral,full,full,1
A02BA03,Oral,full,partial,3
N02BG06,Oral,none,full,1
N06AF04,Oral,full,full,1
N05AF05,Oral,full,full,3
A12AA05,Oral,full,full,1
N07BB01,Oral,full,partial,2
G03DB01,Oral,full,none,1
G03DC06,Oral,none,none,1
G03CA57,Oral,full,partial,5
N05CD11,Oral,full,full,1
L02BB01,Oral,full,full,1
L02AA01,Oral,full,full,2
J01FA15,Oral,full,none,1
L02BG06,Oral,full,full,1
N02AX05,Oral,full,full,1
M01AE17,Oral,full,full,1
C07BB02,Oral,none,none,2
J01MA12,Oral,full,full,2
C09BA03,Oral,none,full,2
M01AB55,Oral,full,full,2
C02CA02,Oral,none,full,2
N02CC06,Oral,full,full,2
G03AC09,Oral,none,full,1
C07CA03,Oral,none,full,1
A10BX03,Oral,full,full,3
N04BC05,Oral,full,partial,11
C09AA08,Oral,full,none,4
B02BX01,Oral,none,full,1
M01AB02,Oral,full,full,2
M01AG02,Oral,full,full,1
N02BA11,Oral,full,none,2
N05CA03,Oral,full,none,1
N06AA21,Oral,full,none,4
M01AE04,Oral,full,full,2
N05AB02,Oral,full,partial,3
M04AB02,Oral,full,full,2
C08CA03,Oral,full,full,1
B03XA05,Oral,none,none,5
J01XX05,Oral,full,full,1
C03CA04,Oral,full,full,3
C07AA03,Oral,full,full,2
C01AA04,Oral,full,none,1
P01AB02,Oral,full,full,1
N02AC01,Oral,full,none,2
A10BB08,Oral,full,none,1
G03BB01,Oral,full,full,1
B01AA02,Oral,full,full,3
N06AA17,Oral,full,none,2
C07AB05,Oral,full,none,1
M01CB03,Oral,full,none,1
N04AA02,Oral,full,none,1
H02AB01,Oral,full,partial,2
C09DA07,Oral,none,partial,3
M03BA02,Oral,full,none,2
L01AA02,Oral,none,partial,2
C02CC04,Oral,full,none,1
C04AE01,Oral,full,none,2
N02CA04,Oral,full,none,1
G03CA04,Oral,full,none,2
C08CA07,Oral,full,none,3
C09BB05,Oral,none,full,2
N06BX03,Oral,full,full,3
A02BX05,Oral,full,none,1
N05AX11,Oral,full,none,3
L02BG01,Oral,full,none,1
J05AR01,Oral,none,full,1
L01AA03,Oral,none,partial,2
C09AA13,Oral,full,full,2
A07AA01,Oral,full,full,1
M01AB15,Oral,full,none,1
G02CA01,Oral,full,none,1
L04AA10,Oral,full,partial,4
G04BE08,Oral,full,partial,4
G02AB03,Oral,full,none,1
B01AC05,Oral,full,none,1
M05BA05,Oral,full,none,1
L02BA02,Oral,full,full,1
L01BB03,Oral,none,full,1
A02BA53,Oral,none,none,1
L01BB05,Oral,none,full,1
G04BE09,Oral,full,full,4
N02CC07,Oral,full,full,1
J05AF03,Oral,full,none,2
R06AE05,Oral,full,full,1
J05AR04,Oral,none,full,1
J05AF06,Oral,full,full,2
L01BC06,Oral,none,partial,3
A04AA04,Oral,full,none,2
M01AH03,Oral,full,none,3
C10AX09,Oral,full,full,1
M01AC05,Oral,full,none,2
C10AA06,Oral,full,none,5
L02AA04,Oral,full,none,1
C07BB07,Oral,none,none,1
C03AA05,Oral,full,none,1
A14AA02,Oral,full,none,2
M04AB01,Oral,full,partial,3
N05BA12,Oral,full,full,2
D11AX10,Oral,full,full,1
N05CD03,Oral,full,none,1
M01AA01,Oral,full,none,3
V03AF01,Oral,none,full,4
N05AE03,Oral,full,none,4
C02KX01,Oral,full,full,2
A02AF01,Oral,none,full,1
V01AA05,Sublingual,none,none,1
J01ED05,Oral,full,none,1
G03BA03,Buccal,full,full,1
A12CC09,Oral,none,none,1
C09DA03,Oral,none,full,3
A12CB02,Oral,none,none,1
N03AX03,Oral,full,none,3
J05AF08,Oral,full,full,1
R05CA04,Oral,full,none,1
A02BX13,Oral,none,partial,2
C03DA04,Oral,full,full,2
J05AR02,Oral,none,full,1
C10BA02,Oral,none,full,3
M01AE14,Oral,full,full,2
A16AA05,Oral,full,full,1
A16AA05,Gastroenteral,full,full,1
M05BB03,Oral,full,partial,2
M05BA06,Oral,full,full,2
L01EB02,Oral,none,partial,3
B01AC23,Oral,full,partial,2
C01EB17,Oral,full,partial,3
M01AH06,Oral,full,none,2
A06AB20,Oral,none,none,1
H01BA02,Sublingual,full,partial,5
P01BA03,Oral,full,none,1
P02CF01,Oral,full,none,3
C09DA08,Oral,none,partial,3
A08AX01,Oral,full,none,1
L01EX02,Oral,none,full,1
J05AX29,Oral,none,none,1
G04BD10,Oral,full,full,2
N07BA03,Oral,full,full,2
C02KX03,Oral,full,none,1
D05BA02,Oral,full,none,1
P02BA01,Oral,full,partial,3
J05AF11,Oral,full,full,1
N05AX13,Oral,full,full,3
A07EA07,Oral,none,full,1
A16AA02,Oral,none,none,1
C09XA02,Oral,full,full,2
C10AC04,Oral,full,full,1
M01AH05,Oral,partial,full,4
A10BH02,Oral,full,full,1
C09BA04,Oral,none,partial,3
A01AB09,Buccal,full,full,1
G04BD11,Oral,full,full,2
L01EH01,Oral,none,full,1
C02KX02,Oral,full,full,2
J05AG04,Oral,full,partial,3
C02KD01,Oral,full,none,1
N02AB03,Sublingual,full,partial,9
C01EB18,Oral,full,full,3
V03AE04,Oral,none,full,1
C01EB15,Oral,full,none,2
B01AC22,Oral,full,full,2
N06AX22,Oral,full,full,1
C02AC02,Oral,full,partial,6
J05AJ04,Oral,none,none,1
C09DB02,Oral,none,full,3
C03XA01,Oral,full,full,2
L01EB01,Oral,none,full,1
L01EB01,Gastroenteral,none,full,1
A10BH03,Oral,full,partial,2
L01EG02,Oral,none,full,9
G03AD02,Oral,full,full,2
A02BX03,Oral,full,none,3
J01FG01,Oral,full,none,1
J04AD03,Oral,full,none,1
A06AX05,Oral,none,full,2
A03AB12,Oral,full,none,1
G04BX14,Oral,full,full,2
M04AA03,Oral,full,full,2
A10BD07,Oral,none,full,1
C01BD07,Oral,full,full,1
N02AJ13,Oral,none,partial,3
L01EX03,Oral,none,full,2
R03DX07,Oral,partial,partial,2
H02AB07,Oral,full,full,3
N07XX05,Oral,full,partial,2
B03BA01,Sublingual,none,none,1
M04AB03,Oral,full,none,2
M01AE52,Oral,full,full,1
B01AC24,Oral,full,partial,3
N05BA08,Oral,full,none,1
N03AX21,Oral,full,full,5
C09DX03,Oral,none,full,5
A08AA05,Oral,full,none,2
N07XX07,Oral,none,full,1
A10BH05,Oral,full,full,1
N05AH05,Sublingual,full,full,2
B01AF02,Oral,full,partial,2
L02BX03,Oral,full,partial,2
J05AP02,Oral,full,none,1
N05AH06,Oral,full,none,1
J05AG05,Oral,full,full,1
L01EC01,Oral,none,full,1
C09CA09,Oral,full,full,3
L01EX04,Oral,none,full,2
L01AX02,Oral,none,none,1
A07AA12,Oral,full,full,1
G04BX16,Oral,full,none,2
J05AR08,Oral,none,full,1
A10BD11,Oral,none,full,2
V03AE08,Oral,none,none,1
L01EJ01,Oral,none,partial,4
L01EK01,Oral,none,partial,4
A10BK01,Oral,none,full,2
A10BD10,Oral,none,full,2
G03AA12,Oral,none,partial,3
G04BD12,Oral,none,full,2
A12CC06,Oral,none,none,1
L01EA04,Oral,none,partial,3
L01EX05,Oral,none,full,1
L01EB03,Oral,none,full,4
L01EA05,Oral,none,partial,3
A10BD13,Oral,none,full,1
A10BH04,Oral,full,full,3
G04CA53,Oral,none,full,1
C02KX04,Oral,full,full,1
C09BB04,Oral,none,none,4
V03AX03,Oral,full,full,1
J05AJ02,Oral,none,full,2
A10BD15,Oral,none,full,2
A10BK02,Oral,full,full,2
B01AA04,Oral,full,none,1
G04BE10,Oral,full,full,3
C02KX05,Oral,full,full,5
L04AA31,Oral,full,full,1
J04AK05,Oral,full,full,1
J05AP08,Oral,full,full,1
C05CA53,Oral,none,none,1
A10BK03,Oral,full,full,2
L01EE01,Oral,none,full,2
N05AE05,Oral,full,full,3
J05AP07,Oral,full,partial,3
J04AK06,Oral,full,none,1
A10BD16,Oral,none,full,2
J05AR14,Oral,none,full,1
G03DB08,Oral,full,none,1
N07BC01,Sublingual,full,partial,5
J05AP09,Oral,full,full,1
N04BB01,Oral,full,partial,3
J01XX11,Oral,full,full,1
P01CC01,Oral,full,none,1
L04AA29,Oral,full,partial,3
B01AF03,Oral,full,full,3
A06AH03,Oral,full,full,2
A10BD20,Oral,none,full,4
J05AR15,Oral,none,full,1
N06AX26,Oral,full,full,3
C09DX04,Oral,none,full,3
L01EE02,Oral,none,full,1
C10BA04,Oral,none,full,2
G01AC05,Vaginal,full,full,1
N04BD03,Oral,full,full,2
L01EB04,Oral,none,full,2
G03CC07,Oral,none,full,1
L01BC59,Oral,none,full,2
J05AP54,Oral,none,full,1
N07XX11,Oral,full,full,2
N07BC01,Oromucosal,full,full,2
V03AC03,Oral,none,full,6
A10BD21,Oral,none,full,1
A05AA04,Oral,full,full,2
L04AA37,Oral,full,full,2
A07DA06,Oral,full,full,2
A08AA62,Oral,none,full,1
A04AD14,Oral,full,full,1
J05AP57,Oral,none,none,1
L01BB04,Oral,none,none,1
L01EF02,Oral,none,none,1
J05AP56,Oral,none,none,1
J05AR22,Oral,none,none,1
N02AJ15,Oral,none,none,1
J05AR21,Oral,none,none,1
J05AR20,Oral,none,none,1
R06AA59,Oral,none,none,1
G03XC05,Oral,none,none,1
L01EF03,Oral,none,none,3
L01EE03,Oral,none,none,1
A10BK04,Oral,full,none,2
J05AX18,Oral,full,none,1
L01ED04,Oral,none,none,3
L02BB05,Oral,full,none,1
C03AX01,Oral,full,none,1
J05AR24,Oral,none,none,1
J05AG06,Oral,full,none,1
A10BD19,Oral,none,none,2
L01EB07,Oral,none,none,3
A06AH05,Oral,full,none,1
J05AR12,Oral,none,none,1
L01EX13,Oral,none,none,1
B02BX07,Oral,none,none,1
L04AA42,Oral,none,none,2
N03AG04,Gastroenteral,full,none,2
C10AX15,Oral,none,none,1
C10BA10,Oral,none,none,1
M03BX03,Oral,full,none,1
L04AA45,Oral,none,none,2
B03BA51,Oral,none,none,1
C01CA17,Oral,full,partial,3
C01DX22,Oral,none,none,3
N06DA03,Transdermal,full,partial,3
N07BA01,Transdermal,full,full,7
A04AA02,Transdermal,full,full,1
N02AB03,Transdermal,full,partial,6
N02AE01,Transdermal,full,full,7
V09IX09,Intravenous,none,none,1
V09IA07,Intravenous,none,none,1
V09IB01,Intravenous,none,none,1
V10XX02,Intravenous,none,none,1
J01GB06,Intravitreal,none,none,1
N01AB04,Inhalation,none,none,1
N01AB07,Inhalation,none,full,1
N01AB06,Inhalation,none,full,1
R02AD01,Dental,none,none,1
A01AD02,Oromucosal,none,full,2
D07AC04,Cutaneous,none,full,6
D01AC07,Cutaneous,none,full,1
A01AC01,Oromucosal,none,none,1
M02AA15,Transdermal,none,full,2
N02BA03,Gingival,full,full,1
N02BA03,Oromucosal,full,full,1
D01AA01,Cutaneous,none,none,2
A01AB12,Oromucosal,none,full,1
A01AB09,Oral,full,full,1
A01AB09,Oromucosal,full,full,1
A01AB03,Gingival,full,partial,2
A01AB03,Dental,full,partial,2
R02AA05,Gingival,full,full,1
R02AA05,Oromucosal,full,full,1
R02AA05,Dental,full,full,1
S01GX06,Ocular,none,full,1
S01BA13,Ocular,none,full,1
S01EA03,Ocular,none,full,2
A07AA07,Oral,full,partial,2
A07AA07,Oromucosal,full,none,1
S01AX14,Ocular,none,full,1
A11CC02,Oral,full,full,1
R02AD02,Gingival,none,full,1
R02AD02,Endotracheopulmonary,none,full,1
R02AD02,Nasal,none,full,1
R02AD02,Oromucosal,none,full,2
R02AD02,Endosinusial,none,full,1
A11GA01,Route of administration not applicable,full,none,1
A07AA02,Route of administration not applicable,none,none,1
R01AC08,Ocular,none,full,1
A01AB23,Gingival,full,full,1
A01AB23,Dental,full,full,1
A01AB17,Gingival,none,full,1
N01AB08,Inhalation,none,full,1
D05AC01,Route of administration not applicable,none,none,1
A06AC06,Route of administration not applicable,full,none,1
D06AX04,Cutaneous,none,full,1
A04AD12,Route of administration not applicable,none,none,1
D11AX21,Cutaneous,none,full,1
L01XX70,Intravenous,none,none,1
N01BB10,Epidural,none,partial,7
J01MA02,Intravenous,full,partial,8
N01BB09,Epidural,none,partial,5
R01AD04,Nasal,none,none,1
A07EA02,Rectal,none,full,1
R03BA05,Inhalation,full,partial,18
R01AC03,Nasal,full,full,1
L01AD04,Intravenous,none,none,1
L01XC05,Intravenous,none,none,1
V08DA04,Intravenous,none,none,1
A16AB16,Intravenous,none,full,1
J01FA10,Intravenous,none,full,1
B02AB01,Cutaneous,none,none,3
B01AE06,Intravenous,none,full,1
V08DA05,Intravenous,none,none,1
L03AB04,Intramuscular,partial,partial,2
L03AB04,Subcutaneous,partial,partial,7
L02AE01,Subcutaneous,full,full,1
H02AB08,Intramuscular,full,full,3
H02AB08,Intradermal,full,full,2
L04AX01,Intravenous,full,full,1
J01CA01,Intramuscular,full,full,1
J01CA01,Intrapleural,full,full,1
J01CA01,Intraperitoneal,full,full,1
J01CA01,Intravenous,full,full,1
J01CA01,Intraarticular,full,full,1
J01DB09,Intramuscular,full,none,2
J01DB09,Intravenous,full,none,2
J01CF05,Intramuscular,full,full,3
J01CF05,Intrapleural,full,full,3
J01CF05,Inhalation,full,full,3
J01CF05,Intraarticular,full,full,3
J01FA09,Intravenous,full,full,1
J01CA04,Intramuscular,full,full,3
A02BC02,Intravenous,full,full,1
L02AB02,Intramuscular,full,none,1
J01XB01,Intravenous,full,full,3
A10AC01,Subcutaneous,full,full,6
A10AB04,Intramuscular,full,full,3
A10AB04,Intravenous,full,full,3
A10AB05,Intravenous,full,full,1
A10AC02,Intramuscular,full,full,3
A10AC02,Subcutaneous,full,full,3
A10AE02,Subcutaneous,full,full,2
A10AC03,Intramuscular,full,full,3
A10AC03,Subcutaneous,full,full,3
H04AA01,Intramuscular,full,full,1
H04AA01,Intravenous,full,full,1
H04AA01,Subcutaneous,full,full,1
N01BB02,Subcutaneous,none,partial,11
G03DA02,Intramuscular,full,full,1
L01BA01,Intramuscular,none,partial,22
L01BA01,Intraventricular cardiac,none,full,1
L01BA01,Intrathecal,none,partial,9
L01BA01,Intraarterial,none,partial,14
L01BA01,Intravenous,none,partial,14
J01CE01,Intramuscular,full,full,1
J01DD02,Intramuscular,full,full,5
J01DC02,Intramuscular,full,full,3
J01DD01,Intramuscular,full,full,3
J01DD01,Intravenous,full,full,3
B01AB04,Subcutaneous,full,full,11
J01GB03,Intramuscular,full,full,4
G03GA06,Intramuscular,full,full,4
H02AB02,Intramuscular,full,partial,6
H02AB02,Rectal,full,partial,3
H02AB02,Intravenous,full,partial,7
H02AB02,Subcutaneous,full,partial,5
H02AB02,Intraarticular,full,partial,6
H02AB02,Intrabursal,full,partial,6
B01AB10,Intravenous,full,full,4
J01GB01,Intramuscular,full,partial,6
J01GB01,Intravenous,full,partial,6
H01CB03,Intramuscular,full,full,1
H01CB02,Intramuscular,full,full,3
H01CC02,Subcutaneous,full,full,2
H01AC01,Intramuscular,none,full,2
N05AX08,Intramuscular,full,full,3
J01XA02,Intramuscular,full,full,2
J01XA02,Oral,full,full,2
J01XA01,Oral,full,full,2
J01XA01,Gastroenteral,full,full,2
L03AB05,Intravenous,none,partial,7
L03AB05,Subcutaneous,none,partial,8
J01DF01,Intramuscular,full,full,3
J01DF01,Intravenous,full,full,3
J05AB06,Intravenous,full,full,1
M03CA01,Intravenous,none,full,1
S01EC01,Intramuscular,full,full,1
S01EC01,Intravenous,full,full,1
L03AB03,Subcutaneous,none,full,1
J01DC01,Intramuscular,full,none,2
J01DC01,Intravenous,full,none,2
M01AC02,Intramuscular,full,none,1
M01AC02,Intravenous,full,none,1
J01DH02,Intravenous,full,full,2
J01BA01,Intramuscular,full,full,1
J01BA01,Intravenous,full,full,1
P01CX01,Intramuscular,full,full,1
P01CX01,Intravenous,full,full,1
C08CA06,Intravenous,full,full,1
N03AB05,Intramuscular,full,full,1
N03AB05,Intravenous,full,full,1
L04AB02,Intravenous,full,full,1
J04AB02,Intravenous,full,full,1
L01CB01,Intravenous,none,full,4
L03AB10,Subcutaneous,full,partial,10
J05AB01,Intravenous,full,partial,5
J01DC03,Intramuscular,full,none,1
J01DC03,Intravenous,full,none,1
L01DB07,Intravenous,none,partial,4
L01DA01,Intravenous,none,full,1
J01GB06,Intramuscular,full,full,2
J01GB06,Intravenous,full,full,2
L03AB08,Subcutaneous,full,full,1
C05BB04,Intravenous,none,full,5
J04AB30,Intramuscular,full,full,1
G03GA07,Subcutaneous,full,full,1
L01AX04,Intravenous,none,full,5
J01DE02,Intravenous,full,none,2
L01AA03,Regional perfusion,none,full,1
J05AF01,Intravenous,full,full,1
C01BA02,Intravenous,full,none,1
V03AF04,Intramuscular,full,full,2
V03AF04,Intravenous,full,full,2
L01XX08,Intravenous,none,full,1
V03AF03,Intramuscular,full,partial,10
V03AF03,Intravenous,full,partial,10
J05AB12,Intravenous,full,none,1
L03AA03,Intravenous,full,none,2
L03AA03,Subcutaneous,full,none,2
A16AB05,Intravenous,full,full,1
L01BC01,Intramuscular,none,full,1
L01BC01,Intrathecal,none,full,2
L01DB01,Intraarterial,none,none,2
L01DB02,Intravenous,none,full,2
J01FA01,Intravenous,full,full,1
N01BB04,Subcutaneous,none,partial,3
N01BB04,Perineural,none,partial,2
M01AH04,Intramuscular,full,full,2
M01AH04,Intravenous,full,full,2
P01CB02,Intramuscular,full,full,1
P01CB02,Intravenous,full,full,1
L03AC01,Intravenous,full,full,1
L03AC01,Subcutaneous,full,full,1
L01BB04,Intravenous,none,full,2
B01AD07,Intravenous,full,full,1
L04AC02,Intravenous,full,full,2
J01DH03,Intravenous,full,full,1
J05AP01,Inhalation,full,full,1
B01AC13,Intravenous,full,full,1
L04AC01,Intravenous,full,none,1
V03AF05,Intravenous,full,none,2
L01CA04,Intravenous,none,full,2
B01AD01,Intraarterial,full,full,2
B01AD01,Intravenous,full,full,3
L01AB02,Intraperitoneal,none,full,2
L01AB02,Intravenous,none,full,2
B01AD01,Intracoronary,full,full,1
S01LA01,Intravenous,none,full,1
M01AB01,Intravenous,full,none,1
L03AB07,Intramuscular,full,full,2
L01AD01,Intravenous,none,none,1
V03AF07,Intravenous,full,full,2
J02AX04,Intravenous,full,full,2
B01AC16,Intravenous,full,full,2
A16AB02,Intravenous,full,full,2
R03CC02,Intravenous,full,full,3
J01GA01,Intramuscular,full,full,1
L01AA01,Intrapleural,none,full,2
L01AA01,Intraperitoneal,none,full,2
L01AA01,Intraarterial,none,full,2
L01AA05,Intravenous,none,none,1
L01AA05,Cutaneous,none,none,1
N05AH03,Intramuscular,full,partial,4
N01AF03,Intravenous,none,full,1
L01AA06,Intravenous,none,full,2
L01DC03,Intraarterial,none,full,3
L01DC03,Intravesical,none,full,4
L01BA03,Intravenous,none,full,1
L01XD01,Intravenous,none,full,2
N01AH06,Intravenous,none,full,3
A02BC05,Intravenous,full,full,1
L01CA03,Intravenous,none,full,1
L01XC06,Intravenous,none,partial,3
B02AB01,Intravenous,none,none,3
L01XC07,Intravenous,none,full,2
M05BA03,Intravenous,full,partial,16
A16AB04,Intravenous,full,full,2
A16AB03,Intravenous,full,full,2
A16AB08,Intravenous,none,full,1
J01XX09,Intravenous,full,partial,2
J01AA12,Intravenous,full,full,1
L01BB04,Subcutaneous,none,full,1
N02BG08,Intrathecal,full,none,2
L04AA23,Intravenous,full,full,1
L01BB06,Intravenous,none,full,1
L04AA24,Intravenous,full,full,1
L04AA25,Intravenous,full,full,1
V03AF02,Intravenous,full,full,1
L01BB07,Intravenous,none,full,1
L01XC08,Intravenous,none,full,1
J02AX05,Intravenous,full,full,2
N03AX18,Intravenous,full,full,1
J01DH04,Intravenous,full,none,1
L01EG01,Intravenous,none,full,1
G02AD02,Vaginal,full,full,4
A01AB04,Oromucosal,full,none,1
R01AD11,Nasal,full,full,1
R01AD09,Nasal,full,full,1
R01AD05,Nasal,full,full,2
R03BB01,Inhalation,full,partial,8
R01AD01,Nasal,full,full,1
R03BB02,Inhalation,full,none,2
R03AC13,Inhalation,full,full,4
R01AX03,Nasal,full,full,1
G03CA03,Nasal,full,none,1
H01CA02,Nasal,full,full,1
C01DA08,Sublingual,full,full,1
R03BA07,Inhalation,full,full,2
R03BC03,Inhalation,full,partial,3
R02AB03,Nasal,none,none,1
R02AB03,Oromucosal,none,none,1
L02AE01,Nasal,full,full,2
R03AC04,Inhalation,full,none,1
C01DA08,Transdermal,full,none,1
R03BA08,Inhalation,full,full,1
N02CC01,Nasal,full,full,2
S01ED04,Ocular,full,none,2
S01BC04,Ocular,none,full,1
S01HA02,Ocular,none,full,1
S01HA04,Ocular,none,full,1
N02CC03,Nasal,full,full,1
G03AC06,Intramuscular,full,full,1
L02AE03,Subcutaneous,full,full,2
A10AC01,Intramuscular,full,full,2
H01CC01,Subcutaneous,none,full,1
B01AX05,Intravenous,full,full,1
V03AB15,Intramuscular,none,partial,6
V03AB15,Intravenous,none,partial,6
V03AB15,Subcutaneous,none,partial,6
N01BB02,Oromucosal,none,partial,3
C01BB01,Epidural,full,full,2
C01BB01,Intravenous,full,partial,5
C01BD02,Intramuscular,none,none,3
C01BD02,Intravenous,none,none,3
L04AC03,Subcutaneous,full,full,1
C01BD01,Intravenous,full,full,2
B01AB08,Subcutaneous,full,none,1
B01AB12,Subcutaneous,full,none,5
A10AE05,Subcutaneous,full,full,2
A10BJ02,Subcutaneous,full,full,1
N01BB02,Cutaneous,none,partial,3
L01AD01,Intralesional,none,full,1
A01AB11,Oromucosal,none,none,1
A06AA02,Rectal,none,full,1
A07EA06,Rectal,none,full,1
J02AX01,Intraperitoneal,none,full,1
J02AX01,Intravenous,none,full,1
J01MA01,Intravenous,partial,full,2
B05AA06,Intravenous,none,full,3
J05AD01,Intravenous,full,full,1
C05AE02,Intravenous,none,full,1
C05AE02,Intracoronary,none,full,1
B03AB03,Oral,full,full,1
A06AA02,Oral,full,full,3
B02BA01,Intravenous,full,full,2
A02BA02,Intramuscular,full,full,1
A02BA02,Intravenous,full,full,1
A11CC03,Intravenous,full,full,2
R03CC03,Intramuscular,partial,full,2
R03CC03,Subcutaneous,partial,full,2
J01EA01,Intravenous,full,none,1
B03BA01,Intramuscular,full,full,1
R06AE03,Intramuscular,full,full,1
R06AE03,Intravenous,full,full,1
N02AX02,Intramuscular,full,full,1
N02AX02,Intravenous,full,full,1
N02AX02,Subcutaneous,full,full,1
N05AA01,Intramuscular,full,full,2
N05BA01,Intramuscular,full,full,1
N05BA01,Intravenous,full,full,2
M01CB01,Intramuscular,full,full,3
N05AB04,Intramuscular,full,full,1
H02AB06,Intramuscular,full,full,1
H02AB06,Periarticular,full,full,1
H02AB06,Intraarticular,full,full,1
R06AB04,Intramuscular,full,full,1
R06AB04,Intravenous,full,full,1
R06AB04,Subcutaneous,full,full,1
C01BC04,Intravenous,full,full,1
M01AE03,Intramuscular,full,none,1
B01AC07,Intravenous,full,full,1
A02BA01,Intramuscular,full,none,1
A02BA01,Intravenous,full,none,1
R03DA05,Intramuscular,full,full,1
L04AD01,Intravenous,full,full,2
M01AC01,Intramuscular,full,none,1
C07AA07,Intravenous,full,full,1
C07AB03,Intravenous,full,full,1
N02AX05,Intramuscular,full,full,1
N02AX05,Intravenous,full,full,1
A02BA04,Intravenous,full,none,1
A03FA01,Intramuscular,full,full,1
A03FA01,Intravenous,full,partial,2
N04AA04,Intramuscular,full,full,1
N04AA04,Intravenous,full,full,1
N05AF01,Intramuscular,full,full,5
N05AD01,Intramuscular,full,partial,4
N05AD01,Intravenous,full,partial,2
N01BB02,Intramuscular,none,full,9
N01BB02,Epidural,none,full,9
N01BB02,Intravenous,none,full,9
N01BB02,Perineural,none,full,9
N04AC01,Intramuscular,full,none,1
N04AC01,Intravenous,full,none,1
N02AE01,Intramuscular,full,full,1
N02AE01,Intravenous,full,full,1
A11CC04,Intravenous,full,none,2
C07AB02,Intravenous,full,full,1
A11GA01,Intramuscular,full,full,1
A11GA01,Subcutaneous,full,full,1
R05CB13,Inhalation,full,full,1
A03AB02,Intramuscular,full,full,2
A03AB02,Intravenous,full,full,2
B02BA01,Intramuscular,full,partial,2
A14AB01,Intramuscular,full,full,1
H01AA02,Intramuscular,partial,full,2
C02DB02,Intravenous,none,full,1
R03CC02,Intramuscular,full,full,1
R03CC02,Subcutaneous,full,full,1
H02AB01,Intramuscular,full,full,1
H02AB01,Intravenous,full,full,1
H02AB01,Subconjunctival,full,full,1
B01AB04,Intravenous,full,full,2
H01BA02,Intramuscular,full,full,1
H01BA02,Intravenous,full,full,2
H01BA02,Subcutaneous,full,full,2
N01AH01,Intramuscular,none,full,2
N02AA08,Intramuscular,none,full,1
N02AA08,Subcutaneous,none,full,1
B06AA03,Intramuscular,none,full,1
B06AA03,Subcutaneous,none,full,1
H02AB02,Intralesional,full,partial,2
N02BG06,Intramuscular,none,none,1
N02AF02,Intramuscular,full,none,2
N02AF02,Intravenous,full,none,2
N02AF02,Subcutaneous,full,none,2
M01AB15,Intramuscular,full,full,2
M01AB15,Intravenous,full,full,2
A04AA01,Intramuscular,full,full,2
A04AA01,Intravenous,full,full,2
N02AD01,Intramuscular,full,full,2
N02AD01,Intravenous,full,full,2
N02AD01,Subcutaneous,full,full,2
C01CE03,Intravenous,full,full,1
H01AA02,Intravenous,full,full,1
N05AA02,Intramuscular,full,full,1
N05AA02,Intravenous,full,full,1
N05AA02,Subcutaneous,full,full,1
N01BB01,Subcutaneous,none,full,2
N03AE01,Intravenous,full,none,1
V03AB25,Intravenous,none,full,1
M03AB01,Intramuscular,none,full,1
J01FF01,Intramuscular,full,full,2
C02CC02,Intramuscular,none,full,1
C07AA05,Intravenous,full,full,1
C01BB02,Intravenous,full,none,1
A04AA03,Intravenous,full,none,2
L04AD02,Intravenous,full,full,1
C08DA01,Intravenous,full,full,1
H01BB02,Intravenous,full,full,2
C03CA02,Intramuscular,full,full,1
C03CA02,Intravenous,full,full,1
J01GB07,Intramuscular,full,none,5
J01GB07,Intravenous,full,none,5
A04AA04,Intravenous,full,none,2
G02AB03,Intramuscular,full,full,1
G02AB03,Intravenous,full,full,1
A16AA01,Intravenous,full,full,1
G03DA03,Intramuscular,full,none,1
N06AA04,Intramuscular,full,none,1
N06AA04,Intravenous,full,none,1
M03AC10,Intravenous,none,full,2
C01CA10,Intramuscular,full,none,1
C01CA10,Intravenous,full,none,1
C01CE02,Intravenous,full,full,1
H01AC04,Intravenous,none,none,1
B02BX01,Intramuscular,none,none,1
B02BX01,Intravenous,none,none,1
L02AA04,Intravenous,full,none,1
N01BB10,Intrathecal,none,full,3
N01BB10,Peribulbar ocular,none,full,2
N01BB10,Perineural,none,full,3
N01BB10,Infiltration,none,full,1
V03AF01,Intravenous,none,full,2
A04AA02,Intravenous,full,full,2
C01EA01,Intraarterial,full,none,1
C01EA01,Intravenous,full,none,1
G02AD02,Intravenous,none,full,2
V03AB09,Intramuscular,none,none,1
L02AB03,Intramuscular,full,none,1
M03AC01,Intravenous,none,full,1
C01CA14,Intravenous,full,full,1
C02BA01,Intravenous,full,none,1
J04AC01,Intrapleural,full,full,1
J04AC01,Intrathecal,full,full,1
J02AC02,Intravenous,full,full,1
V04CG04,Intravenous,none,none,1
V04CG04,Subcutaneous,none,none,1
V04CD05,Intravenous,none,none,1
G02AD04,Intramuscular,full,full,1
C01BA03,Intravenous,full,none,1
B01AC11,Intravenous,full,none,2
G02CA01,Intramuscular,full,none,1
G02CA01,Intravenous,full,none,1
N05AA01,Intravenous,full,full,1
C04AX02,Intravenous,none,none,1
R07AB01,Intravenous,full,full,1
L01XX01,Intravenous,none,full,1
H01BA01,Intramuscular,full,full,1
H01BA01,Subcutaneous,full,full,1
B01AB09,Intravenous,full,full,1
B01AB09,Subcutaneous,full,full,1
C01EB16,Intravenous,full,none,1
M01AB05,Subcutaneous,full,none,1
A16AX12,Oral,full,partial,3
B03AB10,Oral,full,full,1
N02AE01,Sublingual,full,full,2
A01AC03,Oromucosal,none,full,1
N04BD01,Oromucosal,full,full,1
V03AB26,Oral,none,none,1
G04BE04,Oral,full,none,1
J05AF13,Oral,full,none,1
C02AC01,Transdermal,none,none,3
G04BD04,Transdermal,full,full,1
M01AB05,Transdermal,full,full,1
N04BC09,Transdermal,full,full,4
S02DA02,Cutaneous,none,none,1
S02DA02,Oromucosal,none,none,1
D07AC07,Cutaneous,none,full,3
N01BA03,Transdermal,none,full,1
N01BB02,Rectal,none,partial,2
N01BB02,Urethral,none,partial,2
D04AB01,Rectal,none,full,1
D04AB01,Cutaneous,none,full,3
D04AB01,Oromucosal,none,full,2
D04AB01,Urethral,none,full,1
R02AA15,Oromucosal,none,none,1
D04AB01,Gingival,none,full,1
D04AB01,Transdermal,none,none,1
D04AB01,Endotracheopulmonary,none,full,1
D04AB01,Nasal,none,full,1
N05CC01,Route of administration not applicable,full,none,1
D04AB06,Cutaneous,none,full,1
A09AA02,Oral,none,partial,16
A16AX03,Gastroenteral,full,full,1
N02BA01,Route of administration not applicable,none,none,1
N06BC01,Oral,full,none,15
C03EB01,Oral,none,partial,11
S01HA01,Ocular,none,none,2
R02AD03,Oromucosal,none,none,2
L01XC19,Intravenous,none,full,1
J01CA51,Intramuscular,none,full,1
J01CA51,Intravenous,none,full,1
J01CR02,Intravenous,full,full,2
A10AD01,Subcutaneous,full,partial,24
A10AD03,Intramuscular,full,full,2
A10AD03,Subcutaneous,full,full,2
A10AB02,Intramuscular,full,full,3
A10AB02,Intravenous,full,full,3
A10AB02,Subcutaneous,full,full,3
A10AB03,Intramuscular,full,full,3
A10AB03,Intravenous,full,full,3
A10AB03,Subcutaneous,full,full,3
A10AB01,Intravenous,partial,partial,6
V03AC01,Intramuscular,none,full,2
V03AC01,Intraperitoneal,none,full,2
V03AC01,Intravenous,none,full,2
V03AC01,Subcutaneous,none,full,2
L01XX02,Subcutaneous,none,full,1
C01CA24,Inhalation,none,none,2
S01HA03,Ocular,none,full,2
S01JA01,Ocular,none,full,2
A10AD01,Intramuscular,full,full,1
C03CA01,Gastroenteral,full,full,1
J01CR02,Oral,full,full,8
A03AA07,Oral,full,full,3
J01EE01,Oral,none,full,4
A06AB53,Oral,none,full,7
J01CA51,Oral,none,full,2
R05DA04,Intramuscular,none,full,1
J01EE01,Intravenous,none,full,2
V03AB14,Intravenous,none,full,2
N07AA01,Intramuscular,full,full,1
N07AA01,Intravenous,full,full,1
N07AA01,Subcutaneous,full,full,1
B03AC02,Intravenous,full,full,1
N06BC01,Intravenous,full,none,2
B01AA07,Oral,full,full,1
C07CB03,Oral,none,full,2
C09BA01,Oral,none,full,2
G04BE07,Sublingual,full,none,2
G03HB01,Oral,none,full,1
C07CA02,Oral,none,none,1
C04AX10,Oral,none,full,1
A04AD01,Transdermal,none,full,1
A03BA01,Route of administration not applicable,none,none,1
N07BC06,Route of administration not applicable,none,none,1
R05DA04,Route of administration not applicable,full,none,1
N01BC01,Oromucosal,none,none,1
S01XA14,Ocular,none,none,1
B01AB01,Subcutaneous,full,partial,10
M09AX01,Intraarticular,full,none,1
A03BB01,Intramuscular,full,full,1
A03BB01,Intravenous,full,full,1
N05CM05,Intramuscular,full,full,2
N05CM05,Intravenous,full,full,2
N05CM05,Subcutaneous,full,full,2
B01AB01,Route of administration not applicable,partial,partial,3
P01BC01,Intravenous,full,none,2
C01BA01,Oral,full,none,2
S01EA02,Ocular,none,none,1
S03BA03,Auricular,none,full,1
S03BA03,Nasal,none,full,1
S03BA03,Ocular,none,full,1
D06BA01,Cutaneous,none,full,1
N07BC02,Route of administration not applicable,full,none,1
N03AA02,Route of administration not applicable,none,none,1
M05BA01,Oral,full,partial,4
V01AA07,Route of administration not applicable,none,full,2
D07AC14,Cutaneous,none,none,1
N05AB02,Intramuscular,full,partial,8
H02AB04,Intramuscular,full,full,8
H02AB04,Intralesional,full,full,3
H02AB04,Periarticular,full,full,3
H02AB04,Intraarticular,full,full,3
H02AB04,Intrabursal,full,full,3
H02AB04,Intravenous,full,full,5
H05BA01,Intramuscular,full,full,3
H05BA01,Intravenous,full,full,3
H05BA01,Subcutaneous,full,full,3
L04AA06,Intravenous,full,full,1
N03AG01,Intravenous,full,partial,3
J01XC01,Intravenous,full,none,1
V03AF06,Intravenous,full,full,2
L01BB05,Intravenous,none,partial,2
H05BA01,Nasal,full,none,1
L02AE04,Subcutaneous,full,full,1
L04AA06,Gastroenteral,full,full,1
N05AF05,Intramuscular,full,full,4
H02AB09,Periarticular,full,full,1
H02AB09,Intraarticular,full,full,1
H02AB09,Intralesional,full,full,2
M05BA02,Intravenous,full,full,1
N03AB02,Intramuscular,full,full,1
N03AB02,Intravenous,full,full,1
P01BA01,Intramuscular,full,none,1
P01BA01,Intravenous,full,none,1
P01BA01,Subcutaneous,full,none,1
N01BA02,Subcutaneous,none,none,1
N05BA05,Oral,full,none,2
J05AX05,Oral,full,full,1
A16AX15,Oral,full,none,1
S03AA06,Auricular,none,full,1
S03AA06,Ocular,none,partial,2
L01DC01,Intramuscular,none,full,1
L01DC01,Intrapleural,none,full,1
L01DC01,Intraperitoneal,none,full,1
L01DC01,Intraarterial,none,full,1
L01DC01,Intravenous,none,full,1
L01DC01,Subcutaneous,none,full,1
L01DC01,Intratumoral,none,full,1
G03AC01,Intramuscular,full,full,1
J01GB03,Intrathecal,full,full,1
J01GB03,Intracerebroventricular,full,full,1
N07BC02,Intravenous,full,full,2
N02AC04,Oral,full,none,1
A16AB06,Oral,full,none,1
C05BB01,Intravenous,none,none,2
A12AA07,Intravenous,full,partial,6
V03AE05,Oral,full,none,1
D08AL01,Cutaneous,none,partial,6
V01AA05,Route of administration not applicable,none,partial,2
S01XA07,Route of administration not applicable,none,none,1
V01AA02,Route of administration not applicable,none,partial,2
J07BF02,Oral,none,full,1
B05CB01,Route of administration not applicable,none,full,1
D07BC01,Cutaneous,none,full,4
D07CC01,Cutaneous,none,full,4
D07CD01,Cutaneous,none,full,3
S02CA01,Auricular,none,none,1
S02CA01,Ocular,none,none,1
S02CA06,Ocular,none,full,1
B03AB02,Oral,full,full,1
D01AE13,Cutaneous,none,full,1
S02CA02,Auricular,none,full,1
D11AX05,Cutaneous,none,full,1
S03CA06,Auricular,none,full,1
S03CA06,Nasal,none,full,1
S03CA06,Ocular,none,full,1
S03CA02,Auricular,none,none,1
S03CA02,Ocular,none,none,1
N01BB52,Transdermal,none,full,1
C09AA05,Route of administration not applicable,none,full,1
G03CA57,Cutaneous,full,none,1
G03CA57,Vaginal,full,none,1
A06AA51,Oral,none,full,1
D09AA01,Cutaneous,none,none,1
A06AB56,Oral,none,partial,3
S01AX03,Ocular,none,none,1
D08AE01,Cutaneous,none,none,1
G01AA51,Cutaneous,none,partial,2
V03AE01,Rectal,none,full,2
V03AE01,Oral,none,full,2
D07BC02,Cutaneous,none,full,2
A04AD54,Oromucosal,none,full,1
D07CC02,Cutaneous,none,full,2
G03FA14,Route of administration not applicable,none,none,2
A01AB02,Oromucosal,full,full,1
A01AA04,Dental,none,none,1
A06AB05,Oral,full,none,1
N04BC02,Route of administration not applicable,none,full,1
A16AX11,Route of administration not applicable,none,none,1
A06AD04,Oral,none,partial,2
N01BB52,Rectal,none,full,1
N01BB52,Cutaneous,none,full,1
N01BB52,Urethral,none,full,1
N01BB52,Nasal,none,full,1
N02AA02,Oral,full,none,1
G04BA01,Route of administration not applicable,full,none,1
P03AX01,Route of administration not applicable,none,none,1
S02AA03,Route of administration not applicable,none,none,1
A12AA04,Route of administration not applicable,full,none,1
V03AB20,Route of administration not applicable,none,none,1
A07BC02,Route of administration not applicable,none,none,1
G01AD01,Route of administration not applicable,none,none,1
A06AC05,Route of administration not applicable,none,none,1
A09AB04,Route of administration not applicable,full,none,1
A06AD04,Route of administration not applicable,none,full,1
N02BA04,Route of administration not applicable,none,none,1
C05AX04,Route of administration not applicable,none,none,1
A12CB01,Route of administration not applicable,partial,none,2
S02AA06,Auricular,none,none,1
B03AA07,Oral,partial,partial,42
A11HA05,Oral,none,none,6
A12CB01,Oral,full,partial,12
N06DX01,Route of administration not applicable,none,none,2
V03AF11,Intravenous,none,none,1
B05CA06,Intravesical,none,none,1
B05XA30,Intravenous,none,partial,7
B05BC01,Intravenous,none,full,5
A11AA03,Gastroenteral,none,none,1
A10BX01,Oral,none,none,1
D08AX07,Cutaneous,none,full,1
A06AG20,Rectal,none,partial,5
N02CA52,Rectal,full,none,1
V09DB01,Intravenous,none,none,1
V09DB01,Subcutaneous,none,none,1
V10XX03,Intravenous,none,none,1
V09IA09,Subcutaneous,none,none,1
V09IA09,Intratumoral,none,none,1
V09IA09,Intradermal,none,none,1
V09IA09,Peritumoral,none,none,1
J06BB09,Intravenous,none,none,1
V01AA05,Subcutaneous,none,full,3
V01AA02,Subcutaneous,none,full,3
H02BX01,Periarticular,none,full,2
H02BX01,Intraarticular,none,full,2
H02BX01,Intrabursal,none,full,2
J07AL01,Intramuscular,none,partial,2
J07AL01,Subcutaneous,none,partial,2
J07AL02,Intramuscular,none,none,1
J07AH07,Intramuscular,none,partial,3
J07AH04,Subcutaneous,none,none,1
J07AH03,Intramuscular,none,none,1
J07AH03,Subcutaneous,none,none,1
N01BB52,Perineural,none,full,2
N01BB52,Epidural,none,full,1
N01BB52,Route of administration not applicable,none,none,1
C01DA02,Intravenous,none,partial,3
J07BJ01,Subcutaneous,none,none,1
B06AA55,Cutaneous,none,none,2
J01DH51,Intravenous,full,full,1
J01DH51,Intramuscular,full,none,1
J01FG02,Intravenous,full,none,1
J01CR03,Intravenous,full,full,1
J07BK01,Subcutaneous,none,full,2
J07AG01,Intramuscular,none,partial,2
J07AG01,Subcutaneous,none,full,1
B01AD10,Intravenous,full,none,2
M03AX01,Subcutaneous,none,full,1
J07BL01,Subcutaneous,none,full,1
J06BB03,Intramuscular,none,full,1
J06BB03,Subcutaneous,none,full,1
J06BB01,Subcutaneous,none,full,4
J06BB05,Intramuscular,none,full,1
J06BB05,Subcutaneous,none,full,1
J06BB12,Intramuscular,none,none,2
J06BB04,Intramuscular,none,full,2
B05XA31,Intravenous,none,partial,5
B05XA14,Intravenous,none,full,1
J07BK01,Intramuscular,none,full,1
J05AX07,Subcutaneous,full,full,1
L01XY01,Intravenous,none,none,1
G01AD02,Vaginal,none,none,1
R02AA20,Oromucosal,none,none,1
N05CH01,Sublingual,full,none,1
R03AK06,Inhalation,none,full,6
R03AL01,Inhalation,none,none,3
R01AD53,Nasal,none,none,1
R03AK04,Inhalation,none,partial,5
R03AL09,Inhalation,none,none,1
S01JA51,Ocular,none,none,1
S01JA02,Ocular,none,none,1
J07BB03,Nasal,none,full,1
J07CA10,Intramuscular,none,full,1
J07CA10,Subcutaneous,none,full,1
J07AM51,Intramuscular,none,none,1
J07AM51,Subcutaneous,none,none,1
J07AP02,Intramuscular,none,full,1
J07AP02,Subcutaneous,none,full,1
J07AM01,Intramuscular,none,full,1
J07AM01,Subcutaneous,none,full,1
J07BC02,Subcutaneous,none,full,2
J07BB02,Subcutaneous,none,full,2
A10AC04,Subcutaneous,full,full,2
A10AD05,Subcutaneous,full,full,2
J06BB02,Intramuscular,none,none,1
J07AG52,Intramuscular,none,none,1
J07AG52,Subcutaneous,none,none,1
J07AJ52,Intramuscular,none,none,1
J07BA01,Intramuscular,none,full,2
J07CA01,Intramuscular,none,full,1
J07BF03,Intramuscular,none,full,1
J07BF03,Subcutaneous,none,full,1
J07CA02,Intramuscular,none,full,2
J07CA02,Subcutaneous,none,full,2
J07BB01,Intramuscular,none,full,1
J07BB01,Subcutaneous,none,full,1
J07BM01,Intramuscular,none,full,1
J07AH09,Intramuscular,none,full,1
J07CA09,Intramuscular,none,none,1
A06AG10,Rectal,none,none,1
N01BB52,Subcutaneous,none,full,1
N01BB53,Subcutaneous,none,full,1
N01BB03,Subcutaneous,none,full,1
G03CC05,Vaginal,none,none,1
B03AA01,Oral,full,none,1
V08AD01,Intralymphatic,none,none,1
V08AD01,Intracervical,none,none,1
B03AC03,Intramuscular,full,none,1
B05BB01,Intramuscular,none,full,3
B05BB01,Subcutaneous,none,full,3
A12AA03,Intramuscular,full,full,1
A12AA03,Intravenous,full,full,1
N02AA51,Intramuscular,none,full,2
N02AA51,Intravenous,none,full,2
N02AA51,Subcutaneous,none,full,2
N02AB52,Intramuscular,none,full,1
N02AB52,Intravenous,none,full,1
N01BB51,Intrathecal,none,full,1
A12CC02,Subcutaneous,full,none,1
N07AA51,Intravenous,none,full,1
N01BB51,Epidural,none,full,2
N01BB51,Perineural,none,full,2
C05AE01,Intravenous,none,full,1
C07BB03,Oral,none,none,1
C07BA05,Oral,none,none,2
J07AP01,Oral,none,full,1
B03AD03,Oral,none,partial,3
R01BA51,Oral,none,none,1
A12CC02,Oral,full,none,1
G04CA52,Oral,none,full,1
N02AA59,Oral,none,full,1
G03FA01,Oral,none,full,2
G03AA10,Oral,none,full,5
C01DA02,Buccal,full,none,4
G03AA11,Oral,none,full,1
G03AA05,Oral,none,full,4
C07BA06,Oral,none,full,1
G03FA14,Oral,none,full,1
C09BA06,Oral,none,full,1
G03AA09,Oral,none,full,2
P01BF01,Oral,full,full,1
R06AE53,Oral,none,full,1
G03FA12,Oral,none,full,2
N02AJ01,Oral,none,partial,4
N07BA01,Sublingual,full,full,1
A12AA20,Oral,none,full,2
C03EA06,Oral,none,full,1
C03CB02,Oral,full,none,1
A12BA51,Oral,none,full,1
P01BB51,Oral,none,full,2
C03AB01,Oral,full,none,2
C03CB01,Oral,full,none,2
R03DB04,Oral,none,full,2
G03AA17,Oral,none,full,3
C07BA12,Oral,none,none,2
N02AJ08,Oral,none,full,1
P01BD51,Oral,full,partial,2
B03AE03,Oral,none,none,1
N02AJ07,Oral,none,full,1
N04BA03,Oral,none,full,3
A10BD03,Oral,none,none,4
J05AR17,Oral,none,full,3
A10BD05,Oral,none,full,1
C09DB01,Oral,none,full,3
J05AR06,Oral,none,full,1
R06AB56,Oral,none,none,1
V01AA03,Sublingual,none,none,1
G03FA01,Transdermal,none,full,1
C01DA02,Transdermal,full,full,3
G03FB05,Transdermal,none,full,1
G03FB09,Transdermal,none,full,1
G03AA13,Transdermal,none,full,1
